,id,antecedent,consequent,confidence,lift,length,freq,items,support,Category,Purity
0,17179869191,"['399f54c06661d06ca45c6e24ed238e0e', '17d8b8e9c21ec0fc5b33724e32fe422e']",['99444c1e11fc38755dae86f5c67d3d1a'],1.0,6626.470588235295,3,9,"['399f54c06661d06ca45c6e24ed238e0e', '17d8b8e9c21ec0fc5b33724e32fe422e', '99444c1e11fc38755dae86f5c67d3d1a']",7.989347536617843e-05,bed_bath_table,1.0
1,25769803846,['8509049c56caff468e3f35c4eefb6035'],['ac11c132793524428ef353a3e4956ed9'],0.8,11265.000000000002,2,8,"['ac11c132793524428ef353a3e4956ed9', '8509049c56caff468e3f35c4eefb6035']",7.101642254771416e-05,housewares,1.0
2,25769803859,['0cf2faf9749f53924cea652a09d8e327'],['5dae498eff2d80057f56122235a36aff'],0.5,7040.625,2,6,"['5dae498eff2d80057f56122235a36aff', '0cf2faf9749f53924cea652a09d8e327']",5.326231691078562e-05,construction_tools_construction,1.0
3,17179869241,"['17d8b8e9c21ec0fc5b33724e32fe422e', '6a0713a63e990052795623e76cc2995e']",['399f54c06661d06ca45c6e24ed238e0e'],1.0,12516.666666666666,3,8,"['399f54c06661d06ca45c6e24ed238e0e', '17d8b8e9c21ec0fc5b33724e32fe422e', '6a0713a63e990052795623e76cc2995e']",7.101642254771416e-05,bed_bath_table,1.0
4,25769803830,['7a0f37fda63d1cd7dac2451494eb6e69'],['665aa1d687284a4d2d2b74c0c6724625'],0.6,2938.695652173913,2,6,"['7a0f37fda63d1cd7dac2451494eb6e69', '665aa1d687284a4d2d2b74c0c6724625']",5.326231691078562e-05,bed_bath_table,1.0
5,25769803831,['7a0f37fda63d1cd7dac2451494eb6e69'],['2481a472d98c582b46bc2dfeae6f539f'],0.5,1942.2413793103447,2,5,"['7a0f37fda63d1cd7dac2451494eb6e69', '2481a472d98c582b46bc2dfeae6f539f']",4.438526409232135e-05,bed_bath_table,0.5
6,8589934592,"['d25bbb182b51d1594fe3b54a27ae143e', '399f54c06661d06ca45c6e24ed238e0e', '6a0713a63e990052795623e76cc2995e']",['99444c1e11fc38755dae86f5c67d3d1a'],1.0,6626.470588235295,4,5,"['d25bbb182b51d1594fe3b54a27ae143e', '399f54c06661d06ca45c6e24ed238e0e', '99444c1e11fc38755dae86f5c67d3d1a', '6a0713a63e990052795623e76cc2995e']",4.438526409232135e-05,bed_bath_table,1.0
7,25769803852,['3d870b8af7dbdc91b10cfb0139f3d44d'],['155815f7173905f1e5cde0b82adfc113'],1.0,10240.909090909092,2,6,"['3d870b8af7dbdc91b10cfb0139f3d44d', '155815f7173905f1e5cde0b82adfc113']",5.326231691078562e-05,bed_bath_table,1.0
8,0,"['5dae498eff2d80057f56122235a36aff', '0de59eddc63167215c972b0d785ffa7b', '1065e0ebef073787a7bf691924c60eeb', '4a5c3967bfd3629fe07ef4d0cc8c3818']",['0cf2faf9749f53924cea652a09d8e327'],1.0,9387.5,5,5,"['5dae498eff2d80057f56122235a36aff', '0de59eddc63167215c972b0d785ffa7b', '0cf2faf9749f53924cea652a09d8e327', '1065e0ebef073787a7bf691924c60eeb', '4a5c3967bfd3629fe07ef4d0cc8c3818']",4.438526409232135e-05,construction_tools_construction,1.0
9,17179869201,"['5dae498eff2d80057f56122235a36aff', '0cf2faf9749f53924cea652a09d8e327']",['1065e0ebef073787a7bf691924c60eeb'],1.0,9387.5,3,6,"['5dae498eff2d80057f56122235a36aff', '0cf2faf9749f53924cea652a09d8e327', '1065e0ebef073787a7bf691924c60eeb']",5.326231691078562e-05,construction_tools_construction,1.0
10,25769803790,['67f9d01bcd84e2229ba6f8a75b635b40'],['1f1354b0aa934e7ad75546467a6d028b'],1.0,18775.0,2,5,"['67f9d01bcd84e2229ba6f8a75b635b40', '1f1354b0aa934e7ad75546467a6d028b']",4.438526409232135e-05,furniture_decor,1.0
11,25769803825,['18486698933fbb64af6c0a255f7dd64c'],['dbb67791e405873b259e4656bf971246'],0.5142857142857142,609.8345864661653,2,18,"['18486698933fbb64af6c0a255f7dd64c', 'dbb67791e405873b259e4656bf971246']",0.00015978695073235686,computers_accessories,1.0
12,25769803890,['e11092e9722d1b6f8c18cd8947a1daff'],['b6ada73818651fe7e64be10653062ea2'],0.7857142857142857,6808.516483516483,2,11,"['b6ada73818651fe7e64be10653062ea2', 'e11092e9722d1b6f8c18cd8947a1daff']",9.764758100310696e-05,baby,1.0
13,25769803897,['d80fce9f775927c7d602c2de926759f1'],['a3a10562c9d134b92f04b8cce298d037'],1.0,18775.0,2,5,"['d80fce9f775927c7d602c2de926759f1', 'a3a10562c9d134b92f04b8cce298d037']",4.438526409232135e-05,bed_bath_table,1.0
14,8589934627,"['d25bbb182b51d1594fe3b54a27ae143e', '399f54c06661d06ca45c6e24ed238e0e', '17d8b8e9c21ec0fc5b33724e32fe422e']",['6a0713a63e990052795623e76cc2995e'],1.0,4897.826086956522,4,5,"['d25bbb182b51d1594fe3b54a27ae143e', '399f54c06661d06ca45c6e24ed238e0e', '17d8b8e9c21ec0fc5b33724e32fe422e', '6a0713a63e990052795623e76cc2995e']",4.438526409232135e-05,bed_bath_table,1.0
15,17179869228,"['93d8b11d613a563f5a26212282bb145e', 'be0e6c61c2bcdd9a4d022ba67fd66189']",['38e19855caf485b504d6f33ed31a9eb4'],1.0,18775.0,3,5,"['93d8b11d613a563f5a26212282bb145e', '38e19855caf485b504d6f33ed31a9eb4', 'be0e6c61c2bcdd9a4d022ba67fd66189']",4.438526409232135e-05,furniture_decor,0.6666667
16,25769803780,['cec51758e9839eb5414b214934430da6'],['7d00a7c029fe3cf2bddc1e8e0484c2c1'],0.8333333333333334,18775.0,2,5,"['7d00a7c029fe3cf2bddc1e8e0484c2c1', 'cec51758e9839eb5414b214934430da6']",4.438526409232135e-05,signaling_and_security,1.0
17,8589934596,"['d25bbb182b51d1594fe3b54a27ae143e', '399f54c06661d06ca45c6e24ed238e0e', '99444c1e11fc38755dae86f5c67d3d1a']",['6a0713a63e990052795623e76cc2995e'],1.0,4897.826086956522,4,5,"['d25bbb182b51d1594fe3b54a27ae143e', '399f54c06661d06ca45c6e24ed238e0e', '99444c1e11fc38755dae86f5c67d3d1a', '6a0713a63e990052795623e76cc2995e']",4.438526409232135e-05,bed_bath_table,1.0
18,8589934599,"['d25bbb182b51d1594fe3b54a27ae143e', '99444c1e11fc38755dae86f5c67d3d1a', '6a0713a63e990052795623e76cc2995e']",['17d8b8e9c21ec0fc5b33724e32fe422e'],1.0,8046.4285714285725,4,5,"['d25bbb182b51d1594fe3b54a27ae143e', '17d8b8e9c21ec0fc5b33724e32fe422e', '99444c1e11fc38755dae86f5c67d3d1a', '6a0713a63e990052795623e76cc2995e']",4.438526409232135e-05,bed_bath_table,1.0
19,25769803793,['0de59eddc63167215c972b0d785ffa7b'],['4a5c3967bfd3629fe07ef4d0cc8c3818'],0.625,5415.865384615385,2,5,"['0de59eddc63167215c972b0d785ffa7b', '4a5c3967bfd3629fe07ef4d0cc8c3818']",4.438526409232135e-05,construction_tools_construction,1.0
20,25769803871,['1eba879220bd0981a0e2fbab499ed4e1'],['8ed094bfe076c568f6bb10feada3f75d'],0.5454545454545454,830.3439803439803,2,6,"['1eba879220bd0981a0e2fbab499ed4e1', '8ed094bfe076c568f6bb10feada3f75d']",5.326231691078562e-05,office_furniture,1.0
21,25769803789,['a3a10562c9d134b92f04b8cce298d037'],['d80fce9f775927c7d602c2de926759f1'],0.8333333333333334,18775.0,2,5,"['d80fce9f775927c7d602c2de926759f1', 'a3a10562c9d134b92f04b8cce298d037']",4.438526409232135e-05,bed_bath_table,1.0
22,25769803895,['66e9fb73e349cba44b29951e558a6780'],['574597aaf385996112490308e37399ce'],0.6666666666666666,2589.655172413793,2,6,"['66e9fb73e349cba44b29951e558a6780', '574597aaf385996112490308e37399ce']",5.326231691078562e-05,housewares,1.0
23,7,"['0de59eddc63167215c972b0d785ffa7b', '0cf2faf9749f53924cea652a09d8e327', '1065e0ebef073787a7bf691924c60eeb', '4a5c3967bfd3629fe07ef4d0cc8c3818']",['5dae498eff2d80057f56122235a36aff'],1.0,14081.25,5,5,"['5dae498eff2d80057f56122235a36aff', '0de59eddc63167215c972b0d785ffa7b', '0cf2faf9749f53924cea652a09d8e327', '1065e0ebef073787a7bf691924c60eeb', '4a5c3967bfd3629fe07ef4d0cc8c3818']",4.438526409232135e-05,construction_tools_construction,1.0
24,25769803787,['1c27515baa5bece76d41e2353efcdd8e'],['b5661cf46c147805adc83695fb04f487'],0.625,11734.375,2,5,"['b5661cf46c147805adc83695fb04f487', '1c27515baa5bece76d41e2353efcdd8e']",4.438526409232135e-05,housewares,1.0
25,25769803812,['873eb5f3b8cc503730e472a14cd26616'],['0e14941c183946f60e3b86585d05f984'],1.0,14081.25,2,5,"['873eb5f3b8cc503730e472a14cd26616', '0e14941c183946f60e3b86585d05f984']",4.438526409232135e-05,bed_bath_table,0.5
26,25769803828,['1065e0ebef073787a7bf691924c60eeb'],['5dae498eff2d80057f56122235a36aff'],0.5,7040.625,2,6,"['5dae498eff2d80057f56122235a36aff', '1065e0ebef073787a7bf691924c60eeb']",5.326231691078562e-05,construction_tools_construction,1.0
27,25769803926,['507914b4af243e0589c389ac50545ef6'],['bf1a9a02e2160143755052e6bf59740f'],0.8571428571428571,13793.877551020409,2,6,"['507914b4af243e0589c389ac50545ef6', 'bf1a9a02e2160143755052e6bf59740f']",5.326231691078562e-05,construction_tools_construction,1.0
28,25769803860,['0cf2faf9749f53924cea652a09d8e327'],['1065e0ebef073787a7bf691924c60eeb'],0.75,7040.625,2,9,"['0cf2faf9749f53924cea652a09d8e327', '1065e0ebef073787a7bf691924c60eeb']",7.989347536617843e-05,construction_tools_construction,1.0
29,17179869255,"['399f54c06661d06ca45c6e24ed238e0e', '99444c1e11fc38755dae86f5c67d3d1a']",['d25bbb182b51d1594fe3b54a27ae143e'],0.5555555555555556,12516.666666666666,3,5,"['d25bbb182b51d1594fe3b54a27ae143e', '399f54c06661d06ca45c6e24ed238e0e', '99444c1e11fc38755dae86f5c67d3d1a']",4.438526409232135e-05,bed_bath_table,1.0
30,17179869256,"['399f54c06661d06ca45c6e24ed238e0e', '99444c1e11fc38755dae86f5c67d3d1a']",['6a0713a63e990052795623e76cc2995e'],0.8888888888888888,4353.623188405797,3,8,"['399f54c06661d06ca45c6e24ed238e0e', '99444c1e11fc38755dae86f5c67d3d1a', '6a0713a63e990052795623e76cc2995e']",7.101642254771416e-05,bed_bath_table,1.0
31,17179869269,"['1065e0ebef073787a7bf691924c60eeb', '4a5c3967bfd3629fe07ef4d0cc8c3818']",['5dae498eff2d80057f56122235a36aff'],1.0,14081.25,3,5,"['5dae498eff2d80057f56122235a36aff', '1065e0ebef073787a7bf691924c60eeb', '4a5c3967bfd3629fe07ef4d0cc8c3818']",4.438526409232135e-05,construction_tools_construction,1.0
32,8589934598,"['d25bbb182b51d1594fe3b54a27ae143e', '99444c1e11fc38755dae86f5c67d3d1a', '6a0713a63e990052795623e76cc2995e']",['399f54c06661d06ca45c6e24ed238e0e'],1.0,12516.666666666666,4,5,"['d25bbb182b51d1594fe3b54a27ae143e', '399f54c06661d06ca45c6e24ed238e0e', '99444c1e11fc38755dae86f5c67d3d1a', '6a0713a63e990052795623e76cc2995e']",4.438526409232135e-05,bed_bath_table,1.0
33,25769803838,['eaf84e31d1e891449aa5cf7130e75fc6'],['8279f484b70cb6fb2a87f36e766bd559'],0.8333333333333334,11734.375,2,5,"['eaf84e31d1e891449aa5cf7130e75fc6', '8279f484b70cb6fb2a87f36e766bd559']",4.438526409232135e-05,bed_bath_table,1.0
34,25769803810,['3c5ba90e09547db90868e803d139de30'],['ea3da91e6ba865972f9344cb9265296b'],0.5555555555555556,6953.7037037037035,2,5,"['3c5ba90e09547db90868e803d139de30', 'ea3da91e6ba865972f9344cb9265296b']",4.438526409232135e-05,furniture_decor,1.0
35,25769803875,['0be487faac01dd57fd7ed17cfbdf2dee'],['4d272fe20c57c64dc74b3db191fc31ef'],0.5,2560.227272727273,2,5,"['0be487faac01dd57fd7ed17cfbdf2dee', '4d272fe20c57c64dc74b3db191fc31ef']",4.438526409232135e-05,bed_bath_table,1.0
36,8589934622,"['5dae498eff2d80057f56122235a36aff', '1065e0ebef073787a7bf691924c60eeb', '4a5c3967bfd3629fe07ef4d0cc8c3818']",['0de59eddc63167215c972b0d785ffa7b'],1.0,14081.25,4,5,"['5dae498eff2d80057f56122235a36aff', '0de59eddc63167215c972b0d785ffa7b', '1065e0ebef073787a7bf691924c60eeb', '4a5c3967bfd3629fe07ef4d0cc8c3818']",4.438526409232135e-05,construction_tools_construction,1.0
37,17179869248,"['5dae498eff2d80057f56122235a36aff', '4a5c3967bfd3629fe07ef4d0cc8c3818']",['1065e0ebef073787a7bf691924c60eeb'],1.0,9387.5,3,5,"['5dae498eff2d80057f56122235a36aff', '1065e0ebef073787a7bf691924c60eeb', '4a5c3967bfd3629fe07ef4d0cc8c3818']",4.438526409232135e-05,construction_tools_construction,1.0
38,25769803786,['d25bbb182b51d1594fe3b54a27ae143e'],['17d8b8e9c21ec0fc5b33724e32fe422e'],1.0,8046.4285714285725,2,5,"['d25bbb182b51d1594fe3b54a27ae143e', '17d8b8e9c21ec0fc5b33724e32fe422e']",4.438526409232135e-05,bed_bath_table,1.0
39,25769803791,['238314b88e4b8ffa496db6b1a201d897'],['9036be77e0a74cca6eeef0740649b97b'],1.0,16092.857142857145,2,5,"['238314b88e4b8ffa496db6b1a201d897', '9036be77e0a74cca6eeef0740649b97b']",4.438526409232135e-05,toys,1.0
40,17179869218,"['d80fce9f775927c7d602c2de926759f1', 'a3a10562c9d134b92f04b8cce298d037']",['d64738c7b2e2d1778a51e835d8f02568'],1.0,16092.857142857145,3,5,"['d80fce9f775927c7d602c2de926759f1', 'a3a10562c9d134b92f04b8cce298d037', 'd64738c7b2e2d1778a51e835d8f02568']",4.438526409232135e-05,bed_bath_table,1.0
41,17179869247,"['5dae498eff2d80057f56122235a36aff', '4a5c3967bfd3629fe07ef4d0cc8c3818']",['0cf2faf9749f53924cea652a09d8e327'],1.0,9387.5,3,5,"['5dae498eff2d80057f56122235a36aff', '0cf2faf9749f53924cea652a09d8e327', '4a5c3967bfd3629fe07ef4d0cc8c3818']",4.438526409232135e-05,construction_tools_construction,1.0
42,25769803806,['b3a397db9c6b4ddfed9d46f6fa03c65e'],['2196812e80b905c7071389c10ad035d3'],1.0,14081.25,2,5,"['b3a397db9c6b4ddfed9d46f6fa03c65e', '2196812e80b905c7071389c10ad035d3']",4.438526409232135e-05,furniture_decor,1.0
43,25769803857,['078e8db43688ea060cf754e7bd2b92e7'],['96d1c06692244e2fed6e1f9aa9552770'],0.5,3313.2352941176473,2,5,"['078e8db43688ea060cf754e7bd2b92e7', '96d1c06692244e2fed6e1f9aa9552770']",4.438526409232135e-05,bed_bath_table,1.0
44,8589934616,"['0de59eddc63167215c972b0d785ffa7b', '1065e0ebef073787a7bf691924c60eeb', '4a5c3967bfd3629fe07ef4d0cc8c3818']",['5dae498eff2d80057f56122235a36aff'],1.0,14081.25,4,5,"['5dae498eff2d80057f56122235a36aff', '0de59eddc63167215c972b0d785ffa7b', '1065e0ebef073787a7bf691924c60eeb', '4a5c3967bfd3629fe07ef4d0cc8c3818']",4.438526409232135e-05,construction_tools_construction,1.0
45,17179869257,"['399f54c06661d06ca45c6e24ed238e0e', '99444c1e11fc38755dae86f5c67d3d1a']",['17d8b8e9c21ec0fc5b33724e32fe422e'],1.0,8046.4285714285725,3,9,"['399f54c06661d06ca45c6e24ed238e0e', '17d8b8e9c21ec0fc5b33724e32fe422e', '99444c1e11fc38755dae86f5c67d3d1a']",7.989347536617843e-05,bed_bath_table,1.0
46,25769803815,['9eacfe990da87a66d7fc95e4f97bad14'],['ac1fcaf7402bfbf019afdcce1a784ad4'],0.8333333333333334,18775.0,2,5,"['ac1fcaf7402bfbf019afdcce1a784ad4', '9eacfe990da87a66d7fc95e4f97bad14']",4.438526409232135e-05,bed_bath_table,1.0
47,25769803796,['0de59eddc63167215c972b0d785ffa7b'],['5dae498eff2d80057f56122235a36aff'],0.75,10560.9375,2,6,"['5dae498eff2d80057f56122235a36aff', '0de59eddc63167215c972b0d785ffa7b']",5.326231691078562e-05,construction_tools_construction,1.0
48,25769803903,['7f9e40aa498f8f6edf4cc51215ecce9e'],['8d28eb3a7309368ca0de19e016266251'],0.8333333333333334,18775.0,2,5,"['8d28eb3a7309368ca0de19e016266251', '7f9e40aa498f8f6edf4cc51215ecce9e']",4.438526409232135e-05,health_beauty,1.0
49,25769803794,['0de59eddc63167215c972b0d785ffa7b'],['0cf2faf9749f53924cea652a09d8e327'],1.0,9387.5,2,8,"['0de59eddc63167215c972b0d785ffa7b', '0cf2faf9749f53924cea652a09d8e327']",7.101642254771416e-05,construction_tools_construction,1.0
50,8589934624,"['0bcc3eeca39e1064258aa1e932269894', '53759a2ecddad2bb87a079a1f1519f73', '422879e10f46682990de24d770e7f83d']",['389d119b48cf3043d311335e499d9c6b'],1.0,270.7932692307692,4,5,"['0bcc3eeca39e1064258aa1e932269894', '53759a2ecddad2bb87a079a1f1519f73', '389d119b48cf3043d311335e499d9c6b', '422879e10f46682990de24d770e7f83d']",4.438526409232135e-05,garden_tools,1.0
51,17179869259,"['0bcc3eeca39e1064258aa1e932269894', '389d119b48cf3043d311335e499d9c6b']",['422879e10f46682990de24d770e7f83d'],0.6,130.48262548262548,3,6,"['0bcc3eeca39e1064258aa1e932269894', '389d119b48cf3043d311335e499d9c6b', '422879e10f46682990de24d770e7f83d']",5.326231691078562e-05,garden_tools,1.0
52,17179869240,"['17d8b8e9c21ec0fc5b33724e32fe422e', '6a0713a63e990052795623e76cc2995e']",['d25bbb182b51d1594fe3b54a27ae143e'],0.625,14081.25,3,5,"['d25bbb182b51d1594fe3b54a27ae143e', '17d8b8e9c21ec0fc5b33724e32fe422e', '6a0713a63e990052795623e76cc2995e']",4.438526409232135e-05,bed_bath_table,1.0
53,17179869190,"['399f54c06661d06ca45c6e24ed238e0e', '17d8b8e9c21ec0fc5b33724e32fe422e']",['6a0713a63e990052795623e76cc2995e'],0.8888888888888888,4353.623188405797,3,8,"['399f54c06661d06ca45c6e24ed238e0e', '17d8b8e9c21ec0fc5b33724e32fe422e', '6a0713a63e990052795623e76cc2995e']",7.101642254771416e-05,bed_bath_table,1.0
54,25769803913,['38e19855caf485b504d6f33ed31a9eb4'],['be0e6c61c2bcdd9a4d022ba67fd66189'],1.0,14081.25,2,6,"['38e19855caf485b504d6f33ed31a9eb4', 'be0e6c61c2bcdd9a4d022ba67fd66189']",5.326231691078562e-05,furniture_decor,0.5
55,17179869244,"['d25bbb182b51d1594fe3b54a27ae143e', '6a0713a63e990052795623e76cc2995e']",['399f54c06661d06ca45c6e24ed238e0e'],1.0,12516.666666666666,3,5,"['d25bbb182b51d1594fe3b54a27ae143e', '399f54c06661d06ca45c6e24ed238e0e', '6a0713a63e990052795623e76cc2995e']",4.438526409232135e-05,bed_bath_table,1.0
56,8589934593,"['d25bbb182b51d1594fe3b54a27ae143e', '399f54c06661d06ca45c6e24ed238e0e', '6a0713a63e990052795623e76cc2995e']",['17d8b8e9c21ec0fc5b33724e32fe422e'],1.0,8046.4285714285725,4,5,"['d25bbb182b51d1594fe3b54a27ae143e', '399f54c06661d06ca45c6e24ed238e0e', '17d8b8e9c21ec0fc5b33724e32fe422e', '6a0713a63e990052795623e76cc2995e']",4.438526409232135e-05,bed_bath_table,1.0
57,17179869219,"['507914b4af243e0589c389ac50545ef6', 'bf1a9a02e2160143755052e6bf59740f']",['5b1f3328a2c6f837ecce21bca1489939'],0.8333333333333334,15645.833333333334,3,5,"['5b1f3328a2c6f837ecce21bca1489939', '507914b4af243e0589c389ac50545ef6', 'bf1a9a02e2160143755052e6bf59740f']",4.438526409232135e-05,construction_tools_construction,1.0
58,17179869224,"['0de59eddc63167215c972b0d785ffa7b', '4a5c3967bfd3629fe07ef4d0cc8c3818']",['0cf2faf9749f53924cea652a09d8e327'],1.0,9387.5,3,5,"['0de59eddc63167215c972b0d785ffa7b', '0cf2faf9749f53924cea652a09d8e327', '4a5c3967bfd3629fe07ef4d0cc8c3818']",4.438526409232135e-05,construction_tools_construction,1.0
59,25769803813,['9474f3c0da0c4fd0bdf88cf6ac1b5d04'],['49650e49c3af7ccc896f634d039cd921'],0.625,8800.78125,2,5,"['9474f3c0da0c4fd0bdf88cf6ac1b5d04', '49650e49c3af7ccc896f634d039cd921']",4.438526409232135e-05,furniture_decor,1.0
60,17179869202,"['1ba4e3fe92f16fd5a8942f7b7d804b52', 'b6ada73818651fe7e64be10653062ea2']",['e11092e9722d1b6f8c18cd8947a1daff'],1.0,8046.4285714285725,3,6,"['1ba4e3fe92f16fd5a8942f7b7d804b52', 'b6ada73818651fe7e64be10653062ea2', 'e11092e9722d1b6f8c18cd8947a1daff']",5.326231691078562e-05,baby,1.0
61,25769803826,['e6b314a2236c162ede1a879f1075430f'],['ad4b5def91ac7c575dbdf65b5be311f4'],0.64,2486.0689655172414,2,16,"['e6b314a2236c162ede1a879f1075430f', 'ad4b5def91ac7c575dbdf65b5be311f4']",0.00014203284509542831,computers_accessories,1.0
62,25769803882,['5dae498eff2d80057f56122235a36aff'],['678c229b41c0e497d35a25a8be1cc631'],0.625,11734.375,2,5,"['678c229b41c0e497d35a25a8be1cc631', '5dae498eff2d80057f56122235a36aff']",4.438526409232135e-05,construction_tools_construction,1.0
63,25769803898,['d80fce9f775927c7d602c2de926759f1'],['d64738c7b2e2d1778a51e835d8f02568'],1.0,16092.857142857145,2,5,"['d80fce9f775927c7d602c2de926759f1', 'd64738c7b2e2d1778a51e835d8f02568']",4.438526409232135e-05,bed_bath_table,1.0
64,25769803917,['7a5b821fca01c5a75fa33c06f249e0f5'],['c2b534c5a4a6cbfc41aeaf362fb0c060'],1.0,14081.25,2,5,"['7a5b821fca01c5a75fa33c06f249e0f5', 'c2b534c5a4a6cbfc41aeaf362fb0c060']",4.438526409232135e-05,health_beauty,0.5
65,6,"['399f54c06661d06ca45c6e24ed238e0e', '17d8b8e9c21ec0fc5b33724e32fe422e', '99444c1e11fc38755dae86f5c67d3d1a', '6a0713a63e990052795623e76cc2995e']",['d25bbb182b51d1594fe3b54a27ae143e'],0.625,14081.25,5,5,"['d25bbb182b51d1594fe3b54a27ae143e', '399f54c06661d06ca45c6e24ed238e0e', '17d8b8e9c21ec0fc5b33724e32fe422e', '99444c1e11fc38755dae86f5c67d3d1a', '6a0713a63e990052795623e76cc2995e']",4.438526409232135e-05,bed_bath_table,1.0
66,8589934607,"['5dae498eff2d80057f56122235a36aff', '0de59eddc63167215c972b0d785ffa7b', '4a5c3967bfd3629fe07ef4d0cc8c3818']",['0cf2faf9749f53924cea652a09d8e327'],1.0,9387.5,4,5,"['5dae498eff2d80057f56122235a36aff', '0de59eddc63167215c972b0d785ffa7b', '0cf2faf9749f53924cea652a09d8e327', '4a5c3967bfd3629fe07ef4d0cc8c3818']",4.438526409232135e-05,construction_tools_construction,1.0
67,17179869245,"['d25bbb182b51d1594fe3b54a27ae143e', '6a0713a63e990052795623e76cc2995e']",['17d8b8e9c21ec0fc5b33724e32fe422e'],1.0,8046.4285714285725,3,5,"['d25bbb182b51d1594fe3b54a27ae143e', '17d8b8e9c21ec0fc5b33724e32fe422e', '6a0713a63e990052795623e76cc2995e']",4.438526409232135e-05,bed_bath_table,1.0
68,25769803845,['f04c24eaa43e9192315d3aa0b3f00c1c'],['f8077831f3c3f393fb67b93c5acd8daf'],0.8333333333333334,4470.238095238095,2,5,"['f04c24eaa43e9192315d3aa0b3f00c1c', 'f8077831f3c3f393fb67b93c5acd8daf']",4.438526409232135e-05,furniture_decor,0.5
69,8589934632,"['d25bbb182b51d1594fe3b54a27ae143e', '17d8b8e9c21ec0fc5b33724e32fe422e', '6a0713a63e990052795623e76cc2995e']",['399f54c06661d06ca45c6e24ed238e0e'],1.0,12516.666666666666,4,5,"['d25bbb182b51d1594fe3b54a27ae143e', '399f54c06661d06ca45c6e24ed238e0e', '17d8b8e9c21ec0fc5b33724e32fe422e', '6a0713a63e990052795623e76cc2995e']",4.438526409232135e-05,bed_bath_table,1.0
70,17179869226,"['0de59eddc63167215c972b0d785ffa7b', '4a5c3967bfd3629fe07ef4d0cc8c3818']",['5dae498eff2d80057f56122235a36aff'],1.0,14081.25,3,5,"['5dae498eff2d80057f56122235a36aff', '0de59eddc63167215c972b0d785ffa7b', '4a5c3967bfd3629fe07ef4d0cc8c3818']",4.438526409232135e-05,construction_tools_construction,1.0
71,17179869246,"['5dae498eff2d80057f56122235a36aff', '4a5c3967bfd3629fe07ef4d0cc8c3818']",['0de59eddc63167215c972b0d785ffa7b'],1.0,14081.25,3,5,"['5dae498eff2d80057f56122235a36aff', '0de59eddc63167215c972b0d785ffa7b', '4a5c3967bfd3629fe07ef4d0cc8c3818']",4.438526409232135e-05,construction_tools_construction,1.0
72,25769803829,['1065e0ebef073787a7bf691924c60eeb'],['0cf2faf9749f53924cea652a09d8e327'],0.75,7040.625,2,9,"['0cf2faf9749f53924cea652a09d8e327', '1065e0ebef073787a7bf691924c60eeb']",7.989347536617843e-05,construction_tools_construction,1.0
73,9,"['d25bbb182b51d1594fe3b54a27ae143e', '17d8b8e9c21ec0fc5b33724e32fe422e', '99444c1e11fc38755dae86f5c67d3d1a', '6a0713a63e990052795623e76cc2995e']",['399f54c06661d06ca45c6e24ed238e0e'],1.0,12516.666666666666,5,5,"['d25bbb182b51d1594fe3b54a27ae143e', '399f54c06661d06ca45c6e24ed238e0e', '17d8b8e9c21ec0fc5b33724e32fe422e', '99444c1e11fc38755dae86f5c67d3d1a', '6a0713a63e990052795623e76cc2995e']",4.438526409232135e-05,bed_bath_table,1.0
74,25769803925,['181b31b11ea16a87d5acab5a78320b93'],['5554c5718f820a868853dbc5ca859b3b'],1.0,18775.0,2,5,"['181b31b11ea16a87d5acab5a78320b93', '5554c5718f820a868853dbc5ca859b3b']",4.438526409232135e-05,sports_leisure,1.0
75,17179869186,"['0de59eddc63167215c972b0d785ffa7b', '0cf2faf9749f53924cea652a09d8e327']",['4a5c3967bfd3629fe07ef4d0cc8c3818'],0.625,5415.865384615385,3,5,"['0de59eddc63167215c972b0d785ffa7b', '0cf2faf9749f53924cea652a09d8e327', '4a5c3967bfd3629fe07ef4d0cc8c3818']",4.438526409232135e-05,construction_tools_construction,1.0
76,25769803782,['ea3da91e6ba865972f9344cb9265296b'],['3c5ba90e09547db90868e803d139de30'],0.5555555555555556,6953.7037037037035,2,5,"['3c5ba90e09547db90868e803d139de30', 'ea3da91e6ba865972f9344cb9265296b']",4.438526409232135e-05,furniture_decor,1.0
77,25769803839,['2196812e80b905c7071389c10ad035d3'],['b3a397db9c6b4ddfed9d46f6fa03c65e'],0.625,14081.25,2,5,"['b3a397db9c6b4ddfed9d46f6fa03c65e', '2196812e80b905c7071389c10ad035d3']",4.438526409232135e-05,furniture_decor,1.0
78,25769803887,['da7813106f94601e6022f50017299e2f'],['993ac19aa975075775c16ba15426f8be'],1.0,18775.0,2,5,"['da7813106f94601e6022f50017299e2f', '993ac19aa975075775c16ba15426f8be']",4.438526409232135e-05,computers_accessories,1.0
79,25769803888,['155815f7173905f1e5cde0b82adfc113'],['67fc455b96e0908bc5e0d917237b2977'],0.7272727272727273,6827.272727272728,2,8,"['155815f7173905f1e5cde0b82adfc113', '67fc455b96e0908bc5e0d917237b2977']",7.101642254771416e-05,bed_bath_table,1.0
80,8589934615,"['0de59eddc63167215c972b0d785ffa7b', '1065e0ebef073787a7bf691924c60eeb', '4a5c3967bfd3629fe07ef4d0cc8c3818']",['0cf2faf9749f53924cea652a09d8e327'],1.0,9387.5,4,5,"['0de59eddc63167215c972b0d785ffa7b', '0cf2faf9749f53924cea652a09d8e327', '1065e0ebef073787a7bf691924c60eeb', '4a5c3967bfd3629fe07ef4d0cc8c3818']",4.438526409232135e-05,construction_tools_construction,1.0
81,25769803805,['b3a397db9c6b4ddfed9d46f6fa03c65e'],['fd471a043ee8b8dd27f4086495e0724c'],1.0,16092.857142857145,2,5,"['b3a397db9c6b4ddfed9d46f6fa03c65e', 'fd471a043ee8b8dd27f4086495e0724c']",4.438526409232135e-05,furniture_decor,1.0
82,8589934628,"['d25bbb182b51d1594fe3b54a27ae143e', '399f54c06661d06ca45c6e24ed238e0e', '17d8b8e9c21ec0fc5b33724e32fe422e']",['99444c1e11fc38755dae86f5c67d3d1a'],1.0,6626.470588235295,4,5,"['d25bbb182b51d1594fe3b54a27ae143e', '399f54c06661d06ca45c6e24ed238e0e', '17d8b8e9c21ec0fc5b33724e32fe422e', '99444c1e11fc38755dae86f5c67d3d1a']",4.438526409232135e-05,bed_bath_table,1.0
83,25769803809,['b6ada73818651fe7e64be10653062ea2'],['e11092e9722d1b6f8c18cd8947a1daff'],0.8461538461538461,6808.516483516484,2,11,"['b6ada73818651fe7e64be10653062ea2', 'e11092e9722d1b6f8c18cd8947a1daff']",9.764758100310696e-05,baby,1.0
84,25769803834,['1ba4e3fe92f16fd5a8942f7b7d804b52'],['e11092e9722d1b6f8c18cd8947a1daff'],0.75,6034.821428571429,2,6,"['1ba4e3fe92f16fd5a8942f7b7d804b52', 'e11092e9722d1b6f8c18cd8947a1daff']",5.326231691078562e-05,baby,1.0
85,25769803902,['308e4e21ae228a10f6370a243ae59995'],['90b58782fdd04cb829667fcc41fb65f5'],1.0,4506.0,2,10,"['308e4e21ae228a10f6370a243ae59995', '90b58782fdd04cb829667fcc41fb65f5']",8.87705281846427e-05,office_furniture,1.0
86,25769803817,['be0e6c61c2bcdd9a4d022ba67fd66189'],['93d8b11d613a563f5a26212282bb145e'],0.625,14081.25,2,5,"['93d8b11d613a563f5a26212282bb145e', 'be0e6c61c2bcdd9a4d022ba67fd66189']",4.438526409232135e-05,furniture_decor,0.5
87,8589934605,"['399f54c06661d06ca45c6e24ed238e0e', '17d8b8e9c21ec0fc5b33724e32fe422e', '6a0713a63e990052795623e76cc2995e']",['d25bbb182b51d1594fe3b54a27ae143e'],0.625,14081.25,4,5,"['d25bbb182b51d1594fe3b54a27ae143e', '399f54c06661d06ca45c6e24ed238e0e', '17d8b8e9c21ec0fc5b33724e32fe422e', '6a0713a63e990052795623e76cc2995e']",4.438526409232135e-05,bed_bath_table,1.0
88,25769803851,['279d5c3589fceee2a1c236fbe5287975'],['5a2c5357841ae997771d179eee3f2027'],0.8571428571428571,8777.922077922078,2,6,"['279d5c3589fceee2a1c236fbe5287975', '5a2c5357841ae997771d179eee3f2027']",5.326231691078562e-05,sports_leisure,1.0
89,8589934613,"['17d8b8e9c21ec0fc5b33724e32fe422e', '99444c1e11fc38755dae86f5c67d3d1a', '6a0713a63e990052795623e76cc2995e']",['d25bbb182b51d1594fe3b54a27ae143e'],0.625,14081.25,4,5,"['d25bbb182b51d1594fe3b54a27ae143e', '17d8b8e9c21ec0fc5b33724e32fe422e', '99444c1e11fc38755dae86f5c67d3d1a', '6a0713a63e990052795623e76cc2995e']",4.438526409232135e-05,bed_bath_table,1.0
90,17179869199,"['5dae498eff2d80057f56122235a36aff', '0cf2faf9749f53924cea652a09d8e327']",['0de59eddc63167215c972b0d785ffa7b'],1.0,14081.25,3,6,"['5dae498eff2d80057f56122235a36aff', '0de59eddc63167215c972b0d785ffa7b', '0cf2faf9749f53924cea652a09d8e327']",5.326231691078562e-05,construction_tools_construction,1.0
91,25769803779,['8d28eb3a7309368ca0de19e016266251'],['7f9e40aa498f8f6edf4cc51215ecce9e'],1.0,18775.0,2,5,"['8d28eb3a7309368ca0de19e016266251', '7f9e40aa498f8f6edf4cc51215ecce9e']",4.438526409232135e-05,health_beauty,1.0
92,25769803864,['368645a47a15770520ad12d9ea77c2f2'],['27761f21b03a32be1aad6ebaebddd747'],0.8333333333333334,18775.0,2,5,"['27761f21b03a32be1aad6ebaebddd747', '368645a47a15770520ad12d9ea77c2f2']",4.438526409232135e-05,furniture_decor,1.0
93,25769803832,['1f1354b0aa934e7ad75546467a6d028b'],['67f9d01bcd84e2229ba6f8a75b635b40'],0.8333333333333334,18775.0,2,5,"['67f9d01bcd84e2229ba6f8a75b635b40', '1f1354b0aa934e7ad75546467a6d028b']",4.438526409232135e-05,furniture_decor,1.0
94,17179869192,"['0bcc3eeca39e1064258aa1e932269894', '53759a2ecddad2bb87a079a1f1519f73']",['422879e10f46682990de24d770e7f83d'],0.7142857142857143,155.33645890788748,3,5,"['0bcc3eeca39e1064258aa1e932269894', '53759a2ecddad2bb87a079a1f1519f73', '422879e10f46682990de24d770e7f83d']",4.438526409232135e-05,garden_tools,1.0
95,17179869243,"['d25bbb182b51d1594fe3b54a27ae143e', '6a0713a63e990052795623e76cc2995e']",['99444c1e11fc38755dae86f5c67d3d1a'],1.0,6626.470588235295,3,5,"['d25bbb182b51d1594fe3b54a27ae143e', '99444c1e11fc38755dae86f5c67d3d1a', '6a0713a63e990052795623e76cc2995e']",4.438526409232135e-05,bed_bath_table,1.0
96,25769803916,['fc5dd987f12a7b823a76a44aa1ba88f6'],['7eaf66aca1ed54df09b3c864b7416110'],0.6,6758.999999999999,2,6,"['fc5dd987f12a7b823a76a44aa1ba88f6', '7eaf66aca1ed54df09b3c864b7416110']",5.326231691078562e-05,costruction_tools_garden,1.0
97,25769803920,['9036be77e0a74cca6eeef0740649b97b'],['238314b88e4b8ffa496db6b1a201d897'],0.7142857142857143,16092.857142857143,2,5,"['238314b88e4b8ffa496db6b1a201d897', '9036be77e0a74cca6eeef0740649b97b']",4.438526409232135e-05,toys,1.0
98,5,"['5dae498eff2d80057f56122235a36aff', '0cf2faf9749f53924cea652a09d8e327', '1065e0ebef073787a7bf691924c60eeb', '4a5c3967bfd3629fe07ef4d0cc8c3818']",['0de59eddc63167215c972b0d785ffa7b'],1.0,14081.25,5,5,"['5dae498eff2d80057f56122235a36aff', '0de59eddc63167215c972b0d785ffa7b', '0cf2faf9749f53924cea652a09d8e327', '1065e0ebef073787a7bf691924c60eeb', '4a5c3967bfd3629fe07ef4d0cc8c3818']",4.438526409232135e-05,construction_tools_construction,1.0
99,8589934610,"['399f54c06661d06ca45c6e24ed238e0e', '99444c1e11fc38755dae86f5c67d3d1a', '6a0713a63e990052795623e76cc2995e']",['17d8b8e9c21ec0fc5b33724e32fe422e'],1.0,8046.4285714285725,4,8,"['399f54c06661d06ca45c6e24ed238e0e', '17d8b8e9c21ec0fc5b33724e32fe422e', '99444c1e11fc38755dae86f5c67d3d1a', '6a0713a63e990052795623e76cc2995e']",7.101642254771416e-05,bed_bath_table,1.0
100,17179869260,"['d25bbb182b51d1594fe3b54a27ae143e', '99444c1e11fc38755dae86f5c67d3d1a']",['6a0713a63e990052795623e76cc2995e'],1.0,4897.826086956522,3,5,"['d25bbb182b51d1594fe3b54a27ae143e', '99444c1e11fc38755dae86f5c67d3d1a', '6a0713a63e990052795623e76cc2995e']",4.438526409232135e-05,bed_bath_table,1.0
101,25769803808,['2ef36e1cae01b86d0ff0a2f50ff2bd53'],['53759a2ecddad2bb87a079a1f1519f73'],0.6666666666666666,186.81592039800995,2,10,"['2ef36e1cae01b86d0ff0a2f50ff2bd53', '53759a2ecddad2bb87a079a1f1519f73']",8.87705281846427e-05,furniture_decor,0.5
102,1,"['d25bbb182b51d1594fe3b54a27ae143e', '399f54c06661d06ca45c6e24ed238e0e', '99444c1e11fc38755dae86f5c67d3d1a', '6a0713a63e990052795623e76cc2995e']",['17d8b8e9c21ec0fc5b33724e32fe422e'],1.0,8046.4285714285725,5,5,"['d25bbb182b51d1594fe3b54a27ae143e', '399f54c06661d06ca45c6e24ed238e0e', '17d8b8e9c21ec0fc5b33724e32fe422e', '99444c1e11fc38755dae86f5c67d3d1a', '6a0713a63e990052795623e76cc2995e']",4.438526409232135e-05,bed_bath_table,1.0
103,17179869272,"['5b1f3328a2c6f837ecce21bca1489939', 'bf1a9a02e2160143755052e6bf59740f']",['507914b4af243e0589c389ac50545ef6'],1.0,16092.857142857145,3,5,"['5b1f3328a2c6f837ecce21bca1489939', '507914b4af243e0589c389ac50545ef6', 'bf1a9a02e2160143755052e6bf59740f']",4.438526409232135e-05,construction_tools_construction,1.0
104,17179869267,"['9474f3c0da0c4fd0bdf88cf6ac1b5d04', '49650e49c3af7ccc896f634d039cd921']",['daef10c972d7295283e377d5fd9985f1'],1.0,16092.857142857145,3,5,"['daef10c972d7295283e377d5fd9985f1', '9474f3c0da0c4fd0bdf88cf6ac1b5d04', '49650e49c3af7ccc896f634d039cd921']",4.438526409232135e-05,furniture_decor,1.0
105,25769803818,['be0e6c61c2bcdd9a4d022ba67fd66189'],['38e19855caf485b504d6f33ed31a9eb4'],0.75,14081.25,2,6,"['38e19855caf485b504d6f33ed31a9eb4', 'be0e6c61c2bcdd9a4d022ba67fd66189']",5.326231691078562e-05,furniture_decor,0.5
106,8589934611,"['5dae498eff2d80057f56122235a36aff', '0cf2faf9749f53924cea652a09d8e327', '4a5c3967bfd3629fe07ef4d0cc8c3818']",['0de59eddc63167215c972b0d785ffa7b'],1.0,14081.25,4,5,"['5dae498eff2d80057f56122235a36aff', '0de59eddc63167215c972b0d785ffa7b', '0cf2faf9749f53924cea652a09d8e327', '4a5c3967bfd3629fe07ef4d0cc8c3818']",4.438526409232135e-05,construction_tools_construction,1.0
107,17179869210,"['0de59eddc63167215c972b0d785ffa7b', '1065e0ebef073787a7bf691924c60eeb']",['5dae498eff2d80057f56122235a36aff'],0.75,10560.9375,3,6,"['5dae498eff2d80057f56122235a36aff', '0de59eddc63167215c972b0d785ffa7b', '1065e0ebef073787a7bf691924c60eeb']",5.326231691078562e-05,construction_tools_construction,1.0
108,25769803854,['c2b534c5a4a6cbfc41aeaf362fb0c060'],['7a5b821fca01c5a75fa33c06f249e0f5'],0.625,14081.25,2,5,"['7a5b821fca01c5a75fa33c06f249e0f5', 'c2b534c5a4a6cbfc41aeaf362fb0c060']",4.438526409232135e-05,health_beauty,0.5
109,17179869234,"['399f54c06661d06ca45c6e24ed238e0e', '6a0713a63e990052795623e76cc2995e']",['99444c1e11fc38755dae86f5c67d3d1a'],1.0,6626.470588235295,3,8,"['399f54c06661d06ca45c6e24ed238e0e', '99444c1e11fc38755dae86f5c67d3d1a', '6a0713a63e990052795623e76cc2995e']",7.101642254771416e-05,bed_bath_table,1.0
110,17179869238,"['3d870b8af7dbdc91b10cfb0139f3d44d', '67fc455b96e0908bc5e0d917237b2977']",['155815f7173905f1e5cde0b82adfc113'],1.0,10240.909090909092,3,6,"['3d870b8af7dbdc91b10cfb0139f3d44d', '155815f7173905f1e5cde0b82adfc113', '67fc455b96e0908bc5e0d917237b2977']",5.326231691078562e-05,bed_bath_table,1.0
111,25769803915,['1b7ce992a80ac036dd9ab73d08289712'],['d1c427060a0f73f6b889a5c7c61f2ac4'],0.6363636363636364,200.80213903743316,2,7,"['1b7ce992a80ac036dd9ab73d08289712', 'd1c427060a0f73f6b889a5c7c61f2ac4']",6.213936972924988e-05,electronics,0.5
112,17179869231,"['5dae498eff2d80057f56122235a36aff', '0de59eddc63167215c972b0d785ffa7b']",['0cf2faf9749f53924cea652a09d8e327'],1.0,9387.5,3,6,"['5dae498eff2d80057f56122235a36aff', '0de59eddc63167215c972b0d785ffa7b', '0cf2faf9749f53924cea652a09d8e327']",5.326231691078562e-05,construction_tools_construction,1.0
113,25769803869,['99444c1e11fc38755dae86f5c67d3d1a'],['399f54c06661d06ca45c6e24ed238e0e'],0.5294117647058824,6626.470588235294,2,9,"['399f54c06661d06ca45c6e24ed238e0e', '99444c1e11fc38755dae86f5c67d3d1a']",7.989347536617843e-05,bed_bath_table,1.0
114,25769803833,['ac1ad58efc1ebf66bfadc09f29bdedc0'],['62995b7e571f5760017991632bbfd311'],1.0,9387.5,2,9,"['ac1ad58efc1ebf66bfadc09f29bdedc0', '62995b7e571f5760017991632bbfd311']",7.989347536617843e-05,housewares,1.0
115,25769803847,['5b1f3328a2c6f837ecce21bca1489939'],['507914b4af243e0589c389ac50545ef6'],0.8333333333333334,13410.714285714288,2,5,"['5b1f3328a2c6f837ecce21bca1489939', '507914b4af243e0589c389ac50545ef6']",4.438526409232135e-05,construction_tools_construction,1.0
116,8589934603,"['0de59eddc63167215c972b0d785ffa7b', '0cf2faf9749f53924cea652a09d8e327', '4a5c3967bfd3629fe07ef4d0cc8c3818']",['5dae498eff2d80057f56122235a36aff'],1.0,14081.25,4,5,"['5dae498eff2d80057f56122235a36aff', '0de59eddc63167215c972b0d785ffa7b', '0cf2faf9749f53924cea652a09d8e327', '4a5c3967bfd3629fe07ef4d0cc8c3818']",4.438526409232135e-05,construction_tools_construction,1.0
117,25769803891,['d90e83fe1a0e31440db1dc015f1c1512'],['33c18a3e86c00fca807265cf34354996'],0.625,14081.25,2,5,"['33c18a3e86c00fca807265cf34354996', 'd90e83fe1a0e31440db1dc015f1c1512']",4.438526409232135e-05,bed_bath_table,1.0
118,25769803843,['270516a3f41dc035aa87d220228f844c'],['05b515fdc76e888aada3c6d66c201dff'],0.9523809523809523,5364.285714285714,2,20,"['05b515fdc76e888aada3c6d66c201dff', '270516a3f41dc035aa87d220228f844c']",0.0001775410563692854,health_beauty,1.0
119,8589934635,"['5dae498eff2d80057f56122235a36aff', '0de59eddc63167215c972b0d785ffa7b', '1065e0ebef073787a7bf691924c60eeb']",['4a5c3967bfd3629fe07ef4d0cc8c3818'],0.8333333333333334,7221.153846153847,4,5,"['5dae498eff2d80057f56122235a36aff', '0de59eddc63167215c972b0d785ffa7b', '1065e0ebef073787a7bf691924c60eeb', '4a5c3967bfd3629fe07ef4d0cc8c3818']",4.438526409232135e-05,construction_tools_construction,1.0
120,17179869251,"['5dae498eff2d80057f56122235a36aff', '1065e0ebef073787a7bf691924c60eeb']",['4a5c3967bfd3629fe07ef4d0cc8c3818'],0.8333333333333334,7221.153846153847,3,5,"['5dae498eff2d80057f56122235a36aff', '1065e0ebef073787a7bf691924c60eeb', '4a5c3967bfd3629fe07ef4d0cc8c3818']",4.438526409232135e-05,construction_tools_construction,1.0
121,17179869242,"['17d8b8e9c21ec0fc5b33724e32fe422e', '6a0713a63e990052795623e76cc2995e']",['99444c1e11fc38755dae86f5c67d3d1a'],1.0,6626.470588235295,3,8,"['17d8b8e9c21ec0fc5b33724e32fe422e', '99444c1e11fc38755dae86f5c67d3d1a', '6a0713a63e990052795623e76cc2995e']",7.101642254771416e-05,bed_bath_table,1.0
122,25769803870,['99444c1e11fc38755dae86f5c67d3d1a'],['17d8b8e9c21ec0fc5b33724e32fe422e'],0.5882352941176471,4733.193277310925,2,10,"['17d8b8e9c21ec0fc5b33724e32fe422e', '99444c1e11fc38755dae86f5c67d3d1a']",8.87705281846427e-05,bed_bath_table,1.0
123,25769803811,['5a2c5357841ae997771d179eee3f2027'],['279d5c3589fceee2a1c236fbe5287975'],0.5454545454545454,8777.922077922078,2,6,"['279d5c3589fceee2a1c236fbe5287975', '5a2c5357841ae997771d179eee3f2027']",5.326231691078562e-05,sports_leisure,1.0
124,25769803872,['fd471a043ee8b8dd27f4086495e0724c'],['b3a397db9c6b4ddfed9d46f6fa03c65e'],0.7142857142857143,16092.857142857143,2,5,"['b3a397db9c6b4ddfed9d46f6fa03c65e', 'fd471a043ee8b8dd27f4086495e0724c']",4.438526409232135e-05,furniture_decor,1.0
125,8589934612,"['5dae498eff2d80057f56122235a36aff', '0cf2faf9749f53924cea652a09d8e327', '4a5c3967bfd3629fe07ef4d0cc8c3818']",['1065e0ebef073787a7bf691924c60eeb'],1.0,9387.5,4,5,"['5dae498eff2d80057f56122235a36aff', '0cf2faf9749f53924cea652a09d8e327', '1065e0ebef073787a7bf691924c60eeb', '4a5c3967bfd3629fe07ef4d0cc8c3818']",4.438526409232135e-05,construction_tools_construction,1.0
126,25769803892,['0db4869ac8a908414823d44d742f5ba3'],['47920da896bbd89e851429c78a7a7a8b'],0.5,5632.5,2,9,"['47920da896bbd89e851429c78a7a7a8b', '0db4869ac8a908414823d44d742f5ba3']",7.989347536617843e-05,office_furniture,1.0
127,17179869217,"['d25bbb182b51d1594fe3b54a27ae143e', '17d8b8e9c21ec0fc5b33724e32fe422e']",['99444c1e11fc38755dae86f5c67d3d1a'],1.0,6626.470588235295,3,5,"['d25bbb182b51d1594fe3b54a27ae143e', '17d8b8e9c21ec0fc5b33724e32fe422e', '99444c1e11fc38755dae86f5c67d3d1a']",4.438526409232135e-05,bed_bath_table,1.0
128,25769803855,['daef10c972d7295283e377d5fd9985f1'],['9474f3c0da0c4fd0bdf88cf6ac1b5d04'],0.7142857142857143,10058.035714285716,2,5,"['daef10c972d7295283e377d5fd9985f1', '9474f3c0da0c4fd0bdf88cf6ac1b5d04']",4.438526409232135e-05,furniture_decor,1.0
129,8589934629,"['53759a2ecddad2bb87a079a1f1519f73', '389d119b48cf3043d311335e499d9c6b', '422879e10f46682990de24d770e7f83d']",['0bcc3eeca39e1064258aa1e932269894'],0.8333333333333334,695.3703703703704,4,5,"['0bcc3eeca39e1064258aa1e932269894', '53759a2ecddad2bb87a079a1f1519f73', '389d119b48cf3043d311335e499d9c6b', '422879e10f46682990de24d770e7f83d']",4.438526409232135e-05,garden_tools,1.0
130,25769803788,['a3a10562c9d134b92f04b8cce298d037'],['d64738c7b2e2d1778a51e835d8f02568'],1.0,16092.857142857145,2,6,"['a3a10562c9d134b92f04b8cce298d037', 'd64738c7b2e2d1778a51e835d8f02568']",5.326231691078562e-05,bed_bath_table,1.0
131,25769803865,['e6e3140cdd035e915d6d4a9eae2ccead'],['972d4aba7eb9ba03a5b7950751f11f60'],1.0,18775.0,2,5,"['e6e3140cdd035e915d6d4a9eae2ccead', '972d4aba7eb9ba03a5b7950751f11f60']",4.438526409232135e-05,auto,1.0
132,25769803879,['5dae498eff2d80057f56122235a36aff'],['4a5c3967bfd3629fe07ef4d0cc8c3818'],0.625,5415.865384615385,2,5,"['5dae498eff2d80057f56122235a36aff', '4a5c3967bfd3629fe07ef4d0cc8c3818']",4.438526409232135e-05,construction_tools_construction,1.0
133,17179869209,"['0de59eddc63167215c972b0d785ffa7b', '1065e0ebef073787a7bf691924c60eeb']",['4a5c3967bfd3629fe07ef4d0cc8c3818'],0.625,5415.865384615385,3,5,"['0de59eddc63167215c972b0d785ffa7b', '1065e0ebef073787a7bf691924c60eeb', '4a5c3967bfd3629fe07ef4d0cc8c3818']",4.438526409232135e-05,construction_tools_construction,1.0
134,17179869271,"['665aa1d687284a4d2d2b74c0c6724625', '2481a472d98c582b46bc2dfeae6f539f']",['7a0f37fda63d1cd7dac2451494eb6e69'],1.0,11265.0,3,5,"['7a0f37fda63d1cd7dac2451494eb6e69', '665aa1d687284a4d2d2b74c0c6724625', '2481a472d98c582b46bc2dfeae6f539f']",4.438526409232135e-05,bed_bath_table,0.6666667
135,25769803814,['9474f3c0da0c4fd0bdf88cf6ac1b5d04'],['daef10c972d7295283e377d5fd9985f1'],0.625,10058.035714285716,2,5,"['daef10c972d7295283e377d5fd9985f1', '9474f3c0da0c4fd0bdf88cf6ac1b5d04']",4.438526409232135e-05,furniture_decor,1.0
136,25769803873,['fd471a043ee8b8dd27f4086495e0724c'],['2196812e80b905c7071389c10ad035d3'],0.8571428571428571,12069.642857142857,2,6,"['fd471a043ee8b8dd27f4086495e0724c', '2196812e80b905c7071389c10ad035d3']",5.326231691078562e-05,furniture_decor,1.0
137,17179869235,"['399f54c06661d06ca45c6e24ed238e0e', '6a0713a63e990052795623e76cc2995e']",['17d8b8e9c21ec0fc5b33724e32fe422e'],1.0,8046.4285714285725,3,8,"['399f54c06661d06ca45c6e24ed238e0e', '17d8b8e9c21ec0fc5b33724e32fe422e', '6a0713a63e990052795623e76cc2995e']",7.101642254771416e-05,bed_bath_table,1.0
138,17179869185,"['1ba4e3fe92f16fd5a8942f7b7d804b52', 'e11092e9722d1b6f8c18cd8947a1daff']",['b6ada73818651fe7e64be10653062ea2'],1.0,8665.384615384615,3,6,"['1ba4e3fe92f16fd5a8942f7b7d804b52', 'b6ada73818651fe7e64be10653062ea2', 'e11092e9722d1b6f8c18cd8947a1daff']",5.326231691078562e-05,baby,1.0
139,25769803837,['b072511d69a5b161d8e80815898ed960'],['ead3077a141a9c800d6a4bb9d0d415b6'],0.7142857142857143,3218.571428571429,2,5,"['b072511d69a5b161d8e80815898ed960', 'ead3077a141a9c800d6a4bb9d0d415b6']",4.438526409232135e-05,bed_bath_table,1.0
140,25769803856,['daef10c972d7295283e377d5fd9985f1'],['49650e49c3af7ccc896f634d039cd921'],0.8571428571428571,12069.642857142857,2,6,"['daef10c972d7295283e377d5fd9985f1', '49650e49c3af7ccc896f634d039cd921']",5.326231691078562e-05,furniture_decor,1.0
141,25769803866,['057df564fda79ad8fa5e1928dfbe3e8c'],['e8ca14b6c60a3194f2353bbfe0287bbe'],0.8333333333333334,6705.357142857144,2,5,"['057df564fda79ad8fa5e1928dfbe3e8c', 'e8ca14b6c60a3194f2353bbfe0287bbe']",4.438526409232135e-05,cool_stuff,1.0
142,25769803868,['bb17b2343c9b332cce4ffbb8f51a67ca'],['756feaccd3c677658c9e70bf09ef43b9'],0.8333333333333334,18775.0,2,5,"['756feaccd3c677658c9e70bf09ef43b9', 'bb17b2343c9b332cce4ffbb8f51a67ca']",4.438526409232135e-05,fashion_bags_accessories,1.0
143,17179869214,"['0cf2faf9749f53924cea652a09d8e327', '1065e0ebef073787a7bf691924c60eeb']",['4a5c3967bfd3629fe07ef4d0cc8c3818'],0.5555555555555556,4814.102564102564,3,5,"['0cf2faf9749f53924cea652a09d8e327', '1065e0ebef073787a7bf691924c60eeb', '4a5c3967bfd3629fe07ef4d0cc8c3818']",4.438526409232135e-05,construction_tools_construction,1.0
144,25769803924,['678c229b41c0e497d35a25a8be1cc631'],['5dae498eff2d80057f56122235a36aff'],0.8333333333333334,11734.375,2,5,"['678c229b41c0e497d35a25a8be1cc631', '5dae498eff2d80057f56122235a36aff']",4.438526409232135e-05,construction_tools_construction,1.0
145,17179869264,"['3d870b8af7dbdc91b10cfb0139f3d44d', '155815f7173905f1e5cde0b82adfc113']",['67fc455b96e0908bc5e0d917237b2977'],1.0,9387.5,3,6,"['3d870b8af7dbdc91b10cfb0139f3d44d', '155815f7173905f1e5cde0b82adfc113', '67fc455b96e0908bc5e0d917237b2977']",5.326231691078562e-05,bed_bath_table,1.0
146,8589934625,"['5dae498eff2d80057f56122235a36aff', '0de59eddc63167215c972b0d785ffa7b', '0cf2faf9749f53924cea652a09d8e327']",['4a5c3967bfd3629fe07ef4d0cc8c3818'],0.8333333333333334,7221.153846153847,4,5,"['5dae498eff2d80057f56122235a36aff', '0de59eddc63167215c972b0d785ffa7b', '0cf2faf9749f53924cea652a09d8e327', '4a5c3967bfd3629fe07ef4d0cc8c3818']",4.438526409232135e-05,construction_tools_construction,1.0
147,25769803804,['3bb3e5caf47c7e92ed97227247e942a8'],['e9b3cf27d68caa64832c4a7c460abcb9'],0.8571428571428571,5081.954887218045,2,6,"['3bb3e5caf47c7e92ed97227247e942a8', 'e9b3cf27d68caa64832c4a7c460abcb9']",5.326231691078562e-05,bed_bath_table,0.5
148,25769803841,['d64738c7b2e2d1778a51e835d8f02568'],['a3a10562c9d134b92f04b8cce298d037'],0.8571428571428571,16092.857142857143,2,6,"['a3a10562c9d134b92f04b8cce298d037', 'd64738c7b2e2d1778a51e835d8f02568']",5.326231691078562e-05,bed_bath_table,1.0
149,25769803905,['0ad6795586afdad1281b3884f2611ca6'],['416753943bbda356a28be0f3ba476632'],0.8333333333333334,18775.0,2,5,"['416753943bbda356a28be0f3ba476632', '0ad6795586afdad1281b3884f2611ca6']",4.438526409232135e-05,construction_tools_construction,1.0
150,17179869187,"['0de59eddc63167215c972b0d785ffa7b', '0cf2faf9749f53924cea652a09d8e327']",['1065e0ebef073787a7bf691924c60eeb'],1.0,9387.5,3,8,"['0de59eddc63167215c972b0d785ffa7b', '0cf2faf9749f53924cea652a09d8e327', '1065e0ebef073787a7bf691924c60eeb']",7.101642254771416e-05,construction_tools_construction,1.0
151,17179869203,"['a3a10562c9d134b92f04b8cce298d037', 'd64738c7b2e2d1778a51e835d8f02568']",['d80fce9f775927c7d602c2de926759f1'],0.8333333333333334,18775.0,3,5,"['d80fce9f775927c7d602c2de926759f1', 'a3a10562c9d134b92f04b8cce298d037', 'd64738c7b2e2d1778a51e835d8f02568']",4.438526409232135e-05,bed_bath_table,1.0
152,17179869205,"['0cf2faf9749f53924cea652a09d8e327', '4a5c3967bfd3629fe07ef4d0cc8c3818']",['0de59eddc63167215c972b0d785ffa7b'],1.0,14081.25,3,5,"['0de59eddc63167215c972b0d785ffa7b', '0cf2faf9749f53924cea652a09d8e327', '4a5c3967bfd3629fe07ef4d0cc8c3818']",4.438526409232135e-05,construction_tools_construction,1.0
153,25769803877,['a9d9db064d4afd4458eb3e139fe29167'],['710b7c26b7a742f497bba45fab91a25f'],1.0,9387.5,2,11,"['a9d9db064d4afd4458eb3e139fe29167', '710b7c26b7a742f497bba45fab91a25f']",9.764758100310696e-05,housewares,1.0
154,25769803823,['143c616ec3fe0cb065c3805cf9bd812e'],['33c4b54c2a3e60ac5beb217d833d9f52'],0.5,4332.692307692308,2,6,"['143c616ec3fe0cb065c3805cf9bd812e', '33c4b54c2a3e60ac5beb217d833d9f52']",5.326231691078562e-05,garden_tools,1.0
155,8589934602,"['0de59eddc63167215c972b0d785ffa7b', '0cf2faf9749f53924cea652a09d8e327', '4a5c3967bfd3629fe07ef4d0cc8c3818']",['1065e0ebef073787a7bf691924c60eeb'],1.0,9387.5,4,5,"['0de59eddc63167215c972b0d785ffa7b', '0cf2faf9749f53924cea652a09d8e327', '1065e0ebef073787a7bf691924c60eeb', '4a5c3967bfd3629fe07ef4d0cc8c3818']",4.438526409232135e-05,construction_tools_construction,1.0
156,25769803878,['5dae498eff2d80057f56122235a36aff'],['0de59eddc63167215c972b0d785ffa7b'],0.75,10560.9375,2,6,"['5dae498eff2d80057f56122235a36aff', '0de59eddc63167215c972b0d785ffa7b']",5.326231691078562e-05,construction_tools_construction,1.0
157,3,"['5dae498eff2d80057f56122235a36aff', '0de59eddc63167215c972b0d785ffa7b', '0cf2faf9749f53924cea652a09d8e327', '1065e0ebef073787a7bf691924c60eeb']",['4a5c3967bfd3629fe07ef4d0cc8c3818'],0.8333333333333334,7221.153846153847,5,5,"['5dae498eff2d80057f56122235a36aff', '0de59eddc63167215c972b0d785ffa7b', '0cf2faf9749f53924cea652a09d8e327', '1065e0ebef073787a7bf691924c60eeb', '4a5c3967bfd3629fe07ef4d0cc8c3818']",4.438526409232135e-05,construction_tools_construction,1.0
158,17179869252,"['17d8b8e9c21ec0fc5b33724e32fe422e', '99444c1e11fc38755dae86f5c67d3d1a']",['d25bbb182b51d1594fe3b54a27ae143e'],0.5,11265.0,3,5,"['d25bbb182b51d1594fe3b54a27ae143e', '17d8b8e9c21ec0fc5b33724e32fe422e', '99444c1e11fc38755dae86f5c67d3d1a']",4.438526409232135e-05,bed_bath_table,1.0
159,8589934601,"['399f54c06661d06ca45c6e24ed238e0e', '17d8b8e9c21ec0fc5b33724e32fe422e', '99444c1e11fc38755dae86f5c67d3d1a']",['6a0713a63e990052795623e76cc2995e'],0.8888888888888888,4353.623188405797,4,8,"['399f54c06661d06ca45c6e24ed238e0e', '17d8b8e9c21ec0fc5b33724e32fe422e', '99444c1e11fc38755dae86f5c67d3d1a', '6a0713a63e990052795623e76cc2995e']",7.101642254771416e-05,bed_bath_table,1.0
160,25769803883,['7d00a7c029fe3cf2bddc1e8e0484c2c1'],['cec51758e9839eb5414b214934430da6'],1.0,18775.0,2,5,"['7d00a7c029fe3cf2bddc1e8e0484c2c1', 'cec51758e9839eb5414b214934430da6']",4.438526409232135e-05,signaling_and_security,1.0
161,8589934619,"['5dae498eff2d80057f56122235a36aff', '0cf2faf9749f53924cea652a09d8e327', '1065e0ebef073787a7bf691924c60eeb']",['4a5c3967bfd3629fe07ef4d0cc8c3818'],0.8333333333333334,7221.153846153847,4,5,"['5dae498eff2d80057f56122235a36aff', '0cf2faf9749f53924cea652a09d8e327', '1065e0ebef073787a7bf691924c60eeb', '4a5c3967bfd3629fe07ef4d0cc8c3818']",4.438526409232135e-05,construction_tools_construction,1.0
162,17179869266,"['d2085f7e0f9533605386960fc7e987ec', 'dbb67791e405873b259e4656bf971246']",['18486698933fbb64af6c0a255f7dd64c'],1.0,3218.571428571429,3,7,"['18486698933fbb64af6c0a255f7dd64c', 'd2085f7e0f9533605386960fc7e987ec', 'dbb67791e405873b259e4656bf971246']",6.213936972924988e-05,computers_accessories,0.6666667
163,25769803862,['bf1a9a02e2160143755052e6bf59740f'],['5b1f3328a2c6f837ecce21bca1489939'],0.7142857142857143,13410.714285714286,2,5,"['5b1f3328a2c6f837ecce21bca1489939', 'bf1a9a02e2160143755052e6bf59740f']",4.438526409232135e-05,construction_tools_construction,1.0
164,17179869211,"['155815f7173905f1e5cde0b82adfc113', '67fc455b96e0908bc5e0d917237b2977']",['3d870b8af7dbdc91b10cfb0139f3d44d'],0.75,14081.25,3,6,"['3d870b8af7dbdc91b10cfb0139f3d44d', '155815f7173905f1e5cde0b82adfc113', '67fc455b96e0908bc5e0d917237b2977']",5.326231691078562e-05,bed_bath_table,1.0
165,25769803802,['399f54c06661d06ca45c6e24ed238e0e'],['17d8b8e9c21ec0fc5b33724e32fe422e'],1.0,8046.4285714285725,2,9,"['399f54c06661d06ca45c6e24ed238e0e', '17d8b8e9c21ec0fc5b33724e32fe422e']",7.989347536617843e-05,bed_bath_table,1.0
166,25769803861,['bf1a9a02e2160143755052e6bf59740f'],['507914b4af243e0589c389ac50545ef6'],0.8571428571428571,13793.877551020409,2,6,"['507914b4af243e0589c389ac50545ef6', 'bf1a9a02e2160143755052e6bf59740f']",5.326231691078562e-05,construction_tools_construction,1.0
167,25769803930,['93d8b11d613a563f5a26212282bb145e'],['be0e6c61c2bcdd9a4d022ba67fd66189'],1.0,14081.25,2,5,"['93d8b11d613a563f5a26212282bb145e', 'be0e6c61c2bcdd9a4d022ba67fd66189']",4.438526409232135e-05,furniture_decor,0.5
168,25769803901,['710b7c26b7a742f497bba45fab91a25f'],['a9d9db064d4afd4458eb3e139fe29167'],0.9166666666666666,9387.5,2,11,"['a9d9db064d4afd4458eb3e139fe29167', '710b7c26b7a742f497bba45fab91a25f']",9.764758100310696e-05,housewares,1.0
169,8,"['d25bbb182b51d1594fe3b54a27ae143e', '399f54c06661d06ca45c6e24ed238e0e', '17d8b8e9c21ec0fc5b33724e32fe422e', '99444c1e11fc38755dae86f5c67d3d1a']",['6a0713a63e990052795623e76cc2995e'],1.0,4897.826086956522,5,5,"['d25bbb182b51d1594fe3b54a27ae143e', '399f54c06661d06ca45c6e24ed238e0e', '17d8b8e9c21ec0fc5b33724e32fe422e', '99444c1e11fc38755dae86f5c67d3d1a', '6a0713a63e990052795623e76cc2995e']",4.438526409232135e-05,bed_bath_table,1.0
170,17179869195,"['d25bbb182b51d1594fe3b54a27ae143e', '399f54c06661d06ca45c6e24ed238e0e']",['99444c1e11fc38755dae86f5c67d3d1a'],1.0,6626.470588235295,3,5,"['d25bbb182b51d1594fe3b54a27ae143e', '399f54c06661d06ca45c6e24ed238e0e', '99444c1e11fc38755dae86f5c67d3d1a']",4.438526409232135e-05,bed_bath_table,1.0
171,8589934594,"['d25bbb182b51d1594fe3b54a27ae143e', '17d8b8e9c21ec0fc5b33724e32fe422e', '99444c1e11fc38755dae86f5c67d3d1a']",['399f54c06661d06ca45c6e24ed238e0e'],1.0,12516.666666666666,4,5,"['d25bbb182b51d1594fe3b54a27ae143e', '399f54c06661d06ca45c6e24ed238e0e', '17d8b8e9c21ec0fc5b33724e32fe422e', '99444c1e11fc38755dae86f5c67d3d1a']",4.438526409232135e-05,bed_bath_table,1.0
172,8589934618,"['5dae498eff2d80057f56122235a36aff', '0cf2faf9749f53924cea652a09d8e327', '1065e0ebef073787a7bf691924c60eeb']",['0de59eddc63167215c972b0d785ffa7b'],1.0,14081.25,4,6,"['5dae498eff2d80057f56122235a36aff', '0de59eddc63167215c972b0d785ffa7b', '0cf2faf9749f53924cea652a09d8e327', '1065e0ebef073787a7bf691924c60eeb']",5.326231691078562e-05,construction_tools_construction,1.0
173,25769803781,['01422266d7a3131403364787ef9dab11'],['fc5bf9e50dbfb45e7634bd8c045411c5'],0.75,10560.9375,2,6,"['fc5bf9e50dbfb45e7634bd8c045411c5', '01422266d7a3131403364787ef9dab11']",5.326231691078562e-05,cool_stuff,1.0
174,25769803835,['1ba4e3fe92f16fd5a8942f7b7d804b52'],['b6ada73818651fe7e64be10653062ea2'],0.75,6499.038461538462,2,6,"['1ba4e3fe92f16fd5a8942f7b7d804b52', 'b6ada73818651fe7e64be10653062ea2']",5.326231691078562e-05,baby,1.0
175,8589934595,"['d25bbb182b51d1594fe3b54a27ae143e', '17d8b8e9c21ec0fc5b33724e32fe422e', '99444c1e11fc38755dae86f5c67d3d1a']",['6a0713a63e990052795623e76cc2995e'],1.0,4897.826086956522,4,5,"['d25bbb182b51d1594fe3b54a27ae143e', '17d8b8e9c21ec0fc5b33724e32fe422e', '99444c1e11fc38755dae86f5c67d3d1a', '6a0713a63e990052795623e76cc2995e']",4.438526409232135e-05,bed_bath_table,1.0
176,17179869237,"['93d8b11d613a563f5a26212282bb145e', '38e19855caf485b504d6f33ed31a9eb4']",['be0e6c61c2bcdd9a4d022ba67fd66189'],1.0,14081.25,3,5,"['93d8b11d613a563f5a26212282bb145e', '38e19855caf485b504d6f33ed31a9eb4', 'be0e6c61c2bcdd9a4d022ba67fd66189']",4.438526409232135e-05,furniture_decor,0.6666667
177,25769803776,['8279f484b70cb6fb2a87f36e766bd559'],['eaf84e31d1e891449aa5cf7130e75fc6'],0.625,11734.375,2,5,"['eaf84e31d1e891449aa5cf7130e75fc6', '8279f484b70cb6fb2a87f36e766bd559']",4.438526409232135e-05,bed_bath_table,1.0
178,25769803784,['d25bbb182b51d1594fe3b54a27ae143e'],['99444c1e11fc38755dae86f5c67d3d1a'],1.0,6626.470588235295,2,5,"['d25bbb182b51d1594fe3b54a27ae143e', '99444c1e11fc38755dae86f5c67d3d1a']",4.438526409232135e-05,bed_bath_table,1.0
179,25769803800,['399f54c06661d06ca45c6e24ed238e0e'],['6a0713a63e990052795623e76cc2995e'],0.8888888888888888,4353.623188405797,2,8,"['399f54c06661d06ca45c6e24ed238e0e', '6a0713a63e990052795623e76cc2995e']",7.101642254771416e-05,bed_bath_table,1.0
180,25769803928,['ac1fcaf7402bfbf019afdcce1a784ad4'],['9eacfe990da87a66d7fc95e4f97bad14'],1.0,18775.0,2,5,"['ac1fcaf7402bfbf019afdcce1a784ad4', '9eacfe990da87a66d7fc95e4f97bad14']",4.438526409232135e-05,bed_bath_table,1.0
181,25769803807,['d40ab3a40d37ebabeaf061efefb4a40d'],['fa814ebf85f1640b2acea3c4378d40f9'],1.0,14081.25,2,5,"['d40ab3a40d37ebabeaf061efefb4a40d', 'fa814ebf85f1640b2acea3c4378d40f9']",4.438526409232135e-05,bed_bath_table,1.0
182,25769803842,['d64738c7b2e2d1778a51e835d8f02568'],['d80fce9f775927c7d602c2de926759f1'],0.7142857142857143,16092.857142857143,2,5,"['d80fce9f775927c7d602c2de926759f1', 'd64738c7b2e2d1778a51e835d8f02568']",4.438526409232135e-05,bed_bath_table,1.0
183,25769803853,['3d870b8af7dbdc91b10cfb0139f3d44d'],['67fc455b96e0908bc5e0d917237b2977'],1.0,9387.5,2,6,"['3d870b8af7dbdc91b10cfb0139f3d44d', '67fc455b96e0908bc5e0d917237b2977']",5.326231691078562e-05,bed_bath_table,1.0
184,8589934609,"['399f54c06661d06ca45c6e24ed238e0e', '99444c1e11fc38755dae86f5c67d3d1a', '6a0713a63e990052795623e76cc2995e']",['d25bbb182b51d1594fe3b54a27ae143e'],0.625,14081.25,4,5,"['d25bbb182b51d1594fe3b54a27ae143e', '399f54c06661d06ca45c6e24ed238e0e', '99444c1e11fc38755dae86f5c67d3d1a', '6a0713a63e990052795623e76cc2995e']",4.438526409232135e-05,bed_bath_table,1.0
185,17179869270,"['1065e0ebef073787a7bf691924c60eeb', '4a5c3967bfd3629fe07ef4d0cc8c3818']",['0cf2faf9749f53924cea652a09d8e327'],1.0,9387.5,3,5,"['0cf2faf9749f53924cea652a09d8e327', '1065e0ebef073787a7bf691924c60eeb', '4a5c3967bfd3629fe07ef4d0cc8c3818']",4.438526409232135e-05,construction_tools_construction,1.0
186,25769803919,['064c975d37d3c646bd94d94c6e16f37e'],['7b44e5ea770ef06810f5df89006cc8b2'],0.8333333333333334,4693.75,2,5,"['064c975d37d3c646bd94d94c6e16f37e', '7b44e5ea770ef06810f5df89006cc8b2']",4.438526409232135e-05,housewares,0.5
187,17179869232,"['5dae498eff2d80057f56122235a36aff', '0de59eddc63167215c972b0d785ffa7b']",['1065e0ebef073787a7bf691924c60eeb'],1.0,9387.5,3,6,"['5dae498eff2d80057f56122235a36aff', '0de59eddc63167215c972b0d785ffa7b', '1065e0ebef073787a7bf691924c60eeb']",5.326231691078562e-05,construction_tools_construction,1.0
188,25769803827,['1065e0ebef073787a7bf691924c60eeb'],['0de59eddc63167215c972b0d785ffa7b'],0.6666666666666666,9387.5,2,8,"['0de59eddc63167215c972b0d785ffa7b', '1065e0ebef073787a7bf691924c60eeb']",7.101642254771416e-05,construction_tools_construction,1.0
189,2,"['d25bbb182b51d1594fe3b54a27ae143e', '399f54c06661d06ca45c6e24ed238e0e', '17d8b8e9c21ec0fc5b33724e32fe422e', '6a0713a63e990052795623e76cc2995e']",['99444c1e11fc38755dae86f5c67d3d1a'],1.0,6626.470588235295,5,5,"['d25bbb182b51d1594fe3b54a27ae143e', '399f54c06661d06ca45c6e24ed238e0e', '17d8b8e9c21ec0fc5b33724e32fe422e', '99444c1e11fc38755dae86f5c67d3d1a', '6a0713a63e990052795623e76cc2995e']",4.438526409232135e-05,bed_bath_table,1.0
190,17179869227,"['7a0f37fda63d1cd7dac2451494eb6e69', '665aa1d687284a4d2d2b74c0c6724625']",['2481a472d98c582b46bc2dfeae6f539f'],0.8333333333333334,3237.0689655172414,3,5,"['7a0f37fda63d1cd7dac2451494eb6e69', '665aa1d687284a4d2d2b74c0c6724625', '2481a472d98c582b46bc2dfeae6f539f']",4.438526409232135e-05,bed_bath_table,0.6666667
191,25769803881,['5dae498eff2d80057f56122235a36aff'],['1065e0ebef073787a7bf691924c60eeb'],0.75,7040.625,2,6,"['5dae498eff2d80057f56122235a36aff', '1065e0ebef073787a7bf691924c60eeb']",5.326231691078562e-05,construction_tools_construction,1.0
192,17179869198,"['daef10c972d7295283e377d5fd9985f1', '9474f3c0da0c4fd0bdf88cf6ac1b5d04']",['49650e49c3af7ccc896f634d039cd921'],1.0,14081.25,3,5,"['daef10c972d7295283e377d5fd9985f1', '9474f3c0da0c4fd0bdf88cf6ac1b5d04', '49650e49c3af7ccc896f634d039cd921']",4.438526409232135e-05,furniture_decor,1.0
193,17179869265,"['18486698933fbb64af6c0a255f7dd64c', 'd2085f7e0f9533605386960fc7e987ec']",['dbb67791e405873b259e4656bf971246'],1.0,1185.7894736842106,3,7,"['18486698933fbb64af6c0a255f7dd64c', 'd2085f7e0f9533605386960fc7e987ec', 'dbb67791e405873b259e4656bf971246']",6.213936972924988e-05,computers_accessories,0.6666667
194,17179869194,"['d25bbb182b51d1594fe3b54a27ae143e', '399f54c06661d06ca45c6e24ed238e0e']",['6a0713a63e990052795623e76cc2995e'],1.0,4897.826086956522,3,5,"['d25bbb182b51d1594fe3b54a27ae143e', '399f54c06661d06ca45c6e24ed238e0e', '6a0713a63e990052795623e76cc2995e']",4.438526409232135e-05,bed_bath_table,1.0
195,25769803910,['47920da896bbd89e851429c78a7a7a8b'],['0db4869ac8a908414823d44d742f5ba3'],0.9,5632.5,2,9,"['47920da896bbd89e851429c78a7a7a8b', '0db4869ac8a908414823d44d742f5ba3']",7.989347536617843e-05,office_furniture,1.0
196,25769803798,['8043608c406d413f7f645257cdc33f73'],['525d023cea7235fd59133983cc5269bf'],0.8333333333333334,18775.0,2,5,"['525d023cea7235fd59133983cc5269bf', '8043608c406d413f7f645257cdc33f73']",4.438526409232135e-05,housewares,1.0
197,25769803908,['17d8b8e9c21ec0fc5b33724e32fe422e'],['6a0713a63e990052795623e76cc2995e'],0.5714285714285714,2798.7577639751553,2,8,"['17d8b8e9c21ec0fc5b33724e32fe422e', '6a0713a63e990052795623e76cc2995e']",7.101642254771416e-05,bed_bath_table,1.0
198,17179869223,"['99444c1e11fc38755dae86f5c67d3d1a', '6a0713a63e990052795623e76cc2995e']",['17d8b8e9c21ec0fc5b33724e32fe422e'],1.0,8046.4285714285725,3,8,"['17d8b8e9c21ec0fc5b33724e32fe422e', '99444c1e11fc38755dae86f5c67d3d1a', '6a0713a63e990052795623e76cc2995e']",7.101642254771416e-05,bed_bath_table,1.0
199,17179869229,"['d80fce9f775927c7d602c2de926759f1', 'd64738c7b2e2d1778a51e835d8f02568']",['a3a10562c9d134b92f04b8cce298d037'],1.0,18775.0,3,5,"['d80fce9f775927c7d602c2de926759f1', 'a3a10562c9d134b92f04b8cce298d037', 'd64738c7b2e2d1778a51e835d8f02568']",4.438526409232135e-05,bed_bath_table,1.0
200,17179869263,"['5b1f3328a2c6f837ecce21bca1489939', '507914b4af243e0589c389ac50545ef6']",['bf1a9a02e2160143755052e6bf59740f'],1.0,16092.857142857145,3,5,"['5b1f3328a2c6f837ecce21bca1489939', '507914b4af243e0589c389ac50545ef6', 'bf1a9a02e2160143755052e6bf59740f']",4.438526409232135e-05,construction_tools_construction,1.0
201,25769803777,['fa814ebf85f1640b2acea3c4378d40f9'],['d40ab3a40d37ebabeaf061efefb4a40d'],0.625,14081.25,2,5,"['d40ab3a40d37ebabeaf061efefb4a40d', 'fa814ebf85f1640b2acea3c4378d40f9']",4.438526409232135e-05,bed_bath_table,1.0
202,25769803885,['5554c5718f820a868853dbc5ca859b3b'],['181b31b11ea16a87d5acab5a78320b93'],0.8333333333333334,18775.0,2,5,"['181b31b11ea16a87d5acab5a78320b93', '5554c5718f820a868853dbc5ca859b3b']",4.438526409232135e-05,sports_leisure,1.0
203,25769803921,['62995b7e571f5760017991632bbfd311'],['ac1ad58efc1ebf66bfadc09f29bdedc0'],0.75,9387.5,2,9,"['ac1ad58efc1ebf66bfadc09f29bdedc0', '62995b7e571f5760017991632bbfd311']",7.989347536617843e-05,housewares,1.0
204,17179869262,"['d25bbb182b51d1594fe3b54a27ae143e', '99444c1e11fc38755dae86f5c67d3d1a']",['17d8b8e9c21ec0fc5b33724e32fe422e'],1.0,8046.4285714285725,3,5,"['d25bbb182b51d1594fe3b54a27ae143e', '17d8b8e9c21ec0fc5b33724e32fe422e', '99444c1e11fc38755dae86f5c67d3d1a']",4.438526409232135e-05,bed_bath_table,1.0
205,25769803824,['fc5bf9e50dbfb45e7634bd8c045411c5'],['01422266d7a3131403364787ef9dab11'],0.75,10560.9375,2,6,"['fc5bf9e50dbfb45e7634bd8c045411c5', '01422266d7a3131403364787ef9dab11']",5.326231691078562e-05,cool_stuff,1.0
206,25769803863,['56b83ac081e4e6ea5f87323b4e46e85c'],['a87567bdce60de6f901e3d7c6d8df820'],0.7142857142857143,7314.935064935065,2,5,"['56b83ac081e4e6ea5f87323b4e46e85c', 'a87567bdce60de6f901e3d7c6d8df820']",4.438526409232135e-05,bed_bath_table,1.0
207,25769803797,['525d023cea7235fd59133983cc5269bf'],['8043608c406d413f7f645257cdc33f73'],1.0,18775.0,2,5,"['525d023cea7235fd59133983cc5269bf', '8043608c406d413f7f645257cdc33f73']",4.438526409232135e-05,housewares,1.0
208,25769803893,['756feaccd3c677658c9e70bf09ef43b9'],['bb17b2343c9b332cce4ffbb8f51a67ca'],1.0,18775.0,2,5,"['756feaccd3c677658c9e70bf09ef43b9', 'bb17b2343c9b332cce4ffbb8f51a67ca']",4.438526409232135e-05,fashion_bags_accessories,1.0
209,4,"['5dae498eff2d80057f56122235a36aff', '0de59eddc63167215c972b0d785ffa7b', '0cf2faf9749f53924cea652a09d8e327', '4a5c3967bfd3629fe07ef4d0cc8c3818']",['1065e0ebef073787a7bf691924c60eeb'],1.0,9387.5,5,5,"['5dae498eff2d80057f56122235a36aff', '0de59eddc63167215c972b0d785ffa7b', '0cf2faf9749f53924cea652a09d8e327', '1065e0ebef073787a7bf691924c60eeb', '4a5c3967bfd3629fe07ef4d0cc8c3818']",4.438526409232135e-05,construction_tools_construction,1.0
210,25769803799,['399f54c06661d06ca45c6e24ed238e0e'],['d25bbb182b51d1594fe3b54a27ae143e'],0.5555555555555556,12516.666666666666,2,5,"['d25bbb182b51d1594fe3b54a27ae143e', '399f54c06661d06ca45c6e24ed238e0e']",4.438526409232135e-05,bed_bath_table,1.0
211,25769803914,['05b515fdc76e888aada3c6d66c201dff'],['270516a3f41dc035aa87d220228f844c'],1.0,5364.285714285714,2,20,"['05b515fdc76e888aada3c6d66c201dff', '270516a3f41dc035aa87d220228f844c']",0.0001775410563692854,health_beauty,1.0
212,8589934606,"['399f54c06661d06ca45c6e24ed238e0e', '17d8b8e9c21ec0fc5b33724e32fe422e', '6a0713a63e990052795623e76cc2995e']",['99444c1e11fc38755dae86f5c67d3d1a'],1.0,6626.470588235295,4,8,"['399f54c06661d06ca45c6e24ed238e0e', '17d8b8e9c21ec0fc5b33724e32fe422e', '99444c1e11fc38755dae86f5c67d3d1a', '6a0713a63e990052795623e76cc2995e']",7.101642254771416e-05,bed_bath_table,1.0
213,17179869208,"['0de59eddc63167215c972b0d785ffa7b', '1065e0ebef073787a7bf691924c60eeb']",['0cf2faf9749f53924cea652a09d8e327'],1.0,9387.5,3,8,"['0de59eddc63167215c972b0d785ffa7b', '0cf2faf9749f53924cea652a09d8e327', '1065e0ebef073787a7bf691924c60eeb']",7.101642254771416e-05,construction_tools_construction,1.0
214,17179869212,"['0cf2faf9749f53924cea652a09d8e327', '1065e0ebef073787a7bf691924c60eeb']",['0de59eddc63167215c972b0d785ffa7b'],0.8888888888888888,12516.666666666666,3,8,"['0de59eddc63167215c972b0d785ffa7b', '0cf2faf9749f53924cea652a09d8e327', '1065e0ebef073787a7bf691924c60eeb']",7.101642254771416e-05,construction_tools_construction,1.0
215,8589934597,"['d25bbb182b51d1594fe3b54a27ae143e', '399f54c06661d06ca45c6e24ed238e0e', '99444c1e11fc38755dae86f5c67d3d1a']",['17d8b8e9c21ec0fc5b33724e32fe422e'],1.0,8046.4285714285725,4,5,"['d25bbb182b51d1594fe3b54a27ae143e', '399f54c06661d06ca45c6e24ed238e0e', '17d8b8e9c21ec0fc5b33724e32fe422e', '99444c1e11fc38755dae86f5c67d3d1a']",4.438526409232135e-05,bed_bath_table,1.0
216,8589934633,"['d25bbb182b51d1594fe3b54a27ae143e', '17d8b8e9c21ec0fc5b33724e32fe422e', '6a0713a63e990052795623e76cc2995e']",['99444c1e11fc38755dae86f5c67d3d1a'],1.0,6626.470588235295,4,5,"['d25bbb182b51d1594fe3b54a27ae143e', '17d8b8e9c21ec0fc5b33724e32fe422e', '99444c1e11fc38755dae86f5c67d3d1a', '6a0713a63e990052795623e76cc2995e']",4.438526409232135e-05,bed_bath_table,1.0
217,25769803785,['d25bbb182b51d1594fe3b54a27ae143e'],['399f54c06661d06ca45c6e24ed238e0e'],1.0,12516.666666666666,2,5,"['d25bbb182b51d1594fe3b54a27ae143e', '399f54c06661d06ca45c6e24ed238e0e']",4.438526409232135e-05,bed_bath_table,1.0
218,17179869206,"['0cf2faf9749f53924cea652a09d8e327', '4a5c3967bfd3629fe07ef4d0cc8c3818']",['5dae498eff2d80057f56122235a36aff'],1.0,14081.25,3,5,"['5dae498eff2d80057f56122235a36aff', '0cf2faf9749f53924cea652a09d8e327', '4a5c3967bfd3629fe07ef4d0cc8c3818']",4.438526409232135e-05,construction_tools_construction,1.0
219,25769803900,['49650e49c3af7ccc896f634d039cd921'],['daef10c972d7295283e377d5fd9985f1'],0.75,12069.642857142859,2,6,"['daef10c972d7295283e377d5fd9985f1', '49650e49c3af7ccc896f634d039cd921']",5.326231691078562e-05,furniture_decor,1.0
220,17179869220,"['b6ada73818651fe7e64be10653062ea2', 'e11092e9722d1b6f8c18cd8947a1daff']",['1ba4e3fe92f16fd5a8942f7b7d804b52'],0.5454545454545454,7680.681818181818,3,6,"['1ba4e3fe92f16fd5a8942f7b7d804b52', 'b6ada73818651fe7e64be10653062ea2', 'e11092e9722d1b6f8c18cd8947a1daff']",5.326231691078562e-05,baby,1.0
221,25769803874,['33c18a3e86c00fca807265cf34354996'],['d90e83fe1a0e31440db1dc015f1c1512'],1.0,14081.25,2,5,"['33c18a3e86c00fca807265cf34354996', 'd90e83fe1a0e31440db1dc015f1c1512']",4.438526409232135e-05,bed_bath_table,1.0
222,25769803896,['83e2059df06602e05d9bc1abf28166ac'],['4006da5107400e5ac48dbcc829a36c42'],0.625,14081.25,2,5,"['4006da5107400e5ac48dbcc829a36c42', '83e2059df06602e05d9bc1abf28166ac']",4.438526409232135e-05,furniture_decor,1.0
223,25769803922,['3d85e85bcd2c0315e0db407db8f7b532'],['5526b1ae9ab2688cf600783cece249df'],0.7142857142857143,2682.1428571428573,2,5,"['3d85e85bcd2c0315e0db407db8f7b532', '5526b1ae9ab2688cf600783cece249df']",4.438526409232135e-05,computers_accessories,1.0
224,8589934621,"['0cf2faf9749f53924cea652a09d8e327', '1065e0ebef073787a7bf691924c60eeb', '4a5c3967bfd3629fe07ef4d0cc8c3818']",['5dae498eff2d80057f56122235a36aff'],1.0,14081.25,4,5,"['5dae498eff2d80057f56122235a36aff', '0cf2faf9749f53924cea652a09d8e327', '1065e0ebef073787a7bf691924c60eeb', '4a5c3967bfd3629fe07ef4d0cc8c3818']",4.438526409232135e-05,construction_tools_construction,1.0
225,25769803844,['993ac19aa975075775c16ba15426f8be'],['da7813106f94601e6022f50017299e2f'],0.8333333333333334,18775.0,2,5,"['da7813106f94601e6022f50017299e2f', '993ac19aa975075775c16ba15426f8be']",4.438526409232135e-05,computers_accessories,1.0
226,25769803889,['155815f7173905f1e5cde0b82adfc113'],['3d870b8af7dbdc91b10cfb0139f3d44d'],0.5454545454545454,10240.90909090909,2,6,"['3d870b8af7dbdc91b10cfb0139f3d44d', '155815f7173905f1e5cde0b82adfc113']",5.326231691078562e-05,bed_bath_table,1.0
227,17179869196,"['d25bbb182b51d1594fe3b54a27ae143e', '399f54c06661d06ca45c6e24ed238e0e']",['17d8b8e9c21ec0fc5b33724e32fe422e'],1.0,8046.4285714285725,3,5,"['d25bbb182b51d1594fe3b54a27ae143e', '399f54c06661d06ca45c6e24ed238e0e', '17d8b8e9c21ec0fc5b33724e32fe422e']",4.438526409232135e-05,bed_bath_table,1.0
228,17179869184,"['7a0f37fda63d1cd7dac2451494eb6e69', '2481a472d98c582b46bc2dfeae6f539f']",['665aa1d687284a4d2d2b74c0c6724625'],1.0,4897.826086956522,3,5,"['7a0f37fda63d1cd7dac2451494eb6e69', '665aa1d687284a4d2d2b74c0c6724625', '2481a472d98c582b46bc2dfeae6f539f']",4.438526409232135e-05,bed_bath_table,0.6666667
229,25769803909,['17d8b8e9c21ec0fc5b33724e32fe422e'],['99444c1e11fc38755dae86f5c67d3d1a'],0.7142857142857143,4733.193277310925,2,10,"['17d8b8e9c21ec0fc5b33724e32fe422e', '99444c1e11fc38755dae86f5c67d3d1a']",8.87705281846427e-05,bed_bath_table,1.0
230,25769803918,['4650fae75d852ddfada4751f6f02481a'],['75bc68276acddf2f0940f421a54338ee'],0.7142857142857143,16092.857142857143,2,5,"['75bc68276acddf2f0940f421a54338ee', '4650fae75d852ddfada4751f6f02481a']",4.438526409232135e-05,perfumery,1.0
231,25769803880,['5dae498eff2d80057f56122235a36aff'],['0cf2faf9749f53924cea652a09d8e327'],0.75,7040.625,2,6,"['5dae498eff2d80057f56122235a36aff', '0cf2faf9749f53924cea652a09d8e327']",5.326231691078562e-05,construction_tools_construction,1.0
232,17179869204,"['38e19855caf485b504d6f33ed31a9eb4', 'be0e6c61c2bcdd9a4d022ba67fd66189']",['93d8b11d613a563f5a26212282bb145e'],0.8333333333333334,18775.0,3,5,"['93d8b11d613a563f5a26212282bb145e', '38e19855caf485b504d6f33ed31a9eb4', 'be0e6c61c2bcdd9a4d022ba67fd66189']",4.438526409232135e-05,furniture_decor,0.6666667
233,17179869239,"['fd471a043ee8b8dd27f4086495e0724c', '2196812e80b905c7071389c10ad035d3']",['b3a397db9c6b4ddfed9d46f6fa03c65e'],0.8333333333333334,18775.0,3,5,"['b3a397db9c6b4ddfed9d46f6fa03c65e', 'fd471a043ee8b8dd27f4086495e0724c', '2196812e80b905c7071389c10ad035d3']",4.438526409232135e-05,furniture_decor,1.0
234,25769803912,['38e19855caf485b504d6f33ed31a9eb4'],['93d8b11d613a563f5a26212282bb145e'],0.8333333333333334,18775.0,2,5,"['93d8b11d613a563f5a26212282bb145e', '38e19855caf485b504d6f33ed31a9eb4']",4.438526409232135e-05,furniture_decor,1.0
235,17179869230,"['5dae498eff2d80057f56122235a36aff', '0de59eddc63167215c972b0d785ffa7b']",['4a5c3967bfd3629fe07ef4d0cc8c3818'],0.8333333333333334,7221.153846153847,3,5,"['5dae498eff2d80057f56122235a36aff', '0de59eddc63167215c972b0d785ffa7b', '4a5c3967bfd3629fe07ef4d0cc8c3818']",4.438526409232135e-05,construction_tools_construction,1.0
236,25769803803,['200eed7d1d3482898094819dbec1cb52'],['073a5dfc26cb33ef440b2e0aa29343a8'],0.8333333333333334,18775.0,2,5,"['073a5dfc26cb33ef440b2e0aa29343a8', '200eed7d1d3482898094819dbec1cb52']",4.438526409232135e-05,housewares,1.0
237,17179869216,"['d25bbb182b51d1594fe3b54a27ae143e', '17d8b8e9c21ec0fc5b33724e32fe422e']",['6a0713a63e990052795623e76cc2995e'],1.0,4897.826086956522,3,5,"['d25bbb182b51d1594fe3b54a27ae143e', '17d8b8e9c21ec0fc5b33724e32fe422e', '6a0713a63e990052795623e76cc2995e']",4.438526409232135e-05,bed_bath_table,1.0
238,17179869258,"['0bcc3eeca39e1064258aa1e932269894', '389d119b48cf3043d311335e499d9c6b']",['53759a2ecddad2bb87a079a1f1519f73'],0.5,140.11194029850748,3,5,"['0bcc3eeca39e1064258aa1e932269894', '53759a2ecddad2bb87a079a1f1519f73', '389d119b48cf3043d311335e499d9c6b']",4.438526409232135e-05,garden_tools,1.0
239,17179869213,"['0cf2faf9749f53924cea652a09d8e327', '1065e0ebef073787a7bf691924c60eeb']",['5dae498eff2d80057f56122235a36aff'],0.6666666666666666,9387.5,3,6,"['5dae498eff2d80057f56122235a36aff', '0cf2faf9749f53924cea652a09d8e327', '1065e0ebef073787a7bf691924c60eeb']",5.326231691078562e-05,construction_tools_construction,1.0
240,25769803884,['ac11c132793524428ef353a3e4956ed9'],['8509049c56caff468e3f35c4eefb6035'],1.0,11265.0,2,8,"['ac11c132793524428ef353a3e4956ed9', '8509049c56caff468e3f35c4eefb6035']",7.101642254771416e-05,housewares,1.0
241,25769803822,['67fc455b96e0908bc5e0d917237b2977'],['3d870b8af7dbdc91b10cfb0139f3d44d'],0.5,9387.5,2,6,"['3d870b8af7dbdc91b10cfb0139f3d44d', '67fc455b96e0908bc5e0d917237b2977']",5.326231691078562e-05,bed_bath_table,1.0
242,25769803876,['0e14941c183946f60e3b86585d05f984'],['873eb5f3b8cc503730e472a14cd26616'],0.625,14081.25,2,5,"['873eb5f3b8cc503730e472a14cd26616', '0e14941c183946f60e3b86585d05f984']",4.438526409232135e-05,bed_bath_table,0.5
243,8589934634,"['5dae498eff2d80057f56122235a36aff', '0de59eddc63167215c972b0d785ffa7b', '1065e0ebef073787a7bf691924c60eeb']",['0cf2faf9749f53924cea652a09d8e327'],1.0,9387.5,4,6,"['5dae498eff2d80057f56122235a36aff', '0de59eddc63167215c972b0d785ffa7b', '0cf2faf9749f53924cea652a09d8e327', '1065e0ebef073787a7bf691924c60eeb']",5.326231691078562e-05,construction_tools_construction,1.0
244,17179869189,"['399f54c06661d06ca45c6e24ed238e0e', '17d8b8e9c21ec0fc5b33724e32fe422e']",['d25bbb182b51d1594fe3b54a27ae143e'],0.5555555555555556,12516.666666666666,3,5,"['d25bbb182b51d1594fe3b54a27ae143e', '399f54c06661d06ca45c6e24ed238e0e', '17d8b8e9c21ec0fc5b33724e32fe422e']",4.438526409232135e-05,bed_bath_table,1.0
245,25769803848,['5b1f3328a2c6f837ecce21bca1489939'],['bf1a9a02e2160143755052e6bf59740f'],0.8333333333333334,13410.714285714288,2,5,"['5b1f3328a2c6f837ecce21bca1489939', 'bf1a9a02e2160143755052e6bf59740f']",4.438526409232135e-05,construction_tools_construction,1.0
246,25769803858,['0cf2faf9749f53924cea652a09d8e327'],['0de59eddc63167215c972b0d785ffa7b'],0.6666666666666666,9387.5,2,8,"['0de59eddc63167215c972b0d785ffa7b', '0cf2faf9749f53924cea652a09d8e327']",7.101642254771416e-05,construction_tools_construction,1.0
247,25769803821,['67fc455b96e0908bc5e0d917237b2977'],['155815f7173905f1e5cde0b82adfc113'],0.6666666666666666,6827.272727272727,2,8,"['155815f7173905f1e5cde0b82adfc113', '67fc455b96e0908bc5e0d917237b2977']",7.101642254771416e-05,bed_bath_table,1.0
248,25769803792,['4006da5107400e5ac48dbcc829a36c42'],['83e2059df06602e05d9bc1abf28166ac'],1.0,14081.25,2,5,"['4006da5107400e5ac48dbcc829a36c42', '83e2059df06602e05d9bc1abf28166ac']",4.438526409232135e-05,furniture_decor,1.0
249,17179869197,"['daef10c972d7295283e377d5fd9985f1', '49650e49c3af7ccc896f634d039cd921']",['9474f3c0da0c4fd0bdf88cf6ac1b5d04'],0.8333333333333334,11734.375,3,5,"['daef10c972d7295283e377d5fd9985f1', '9474f3c0da0c4fd0bdf88cf6ac1b5d04', '49650e49c3af7ccc896f634d039cd921']",4.438526409232135e-05,furniture_decor,1.0
250,8589934623,"['5dae498eff2d80057f56122235a36aff', '1065e0ebef073787a7bf691924c60eeb', '4a5c3967bfd3629fe07ef4d0cc8c3818']",['0cf2faf9749f53924cea652a09d8e327'],1.0,9387.5,4,5,"['5dae498eff2d80057f56122235a36aff', '0cf2faf9749f53924cea652a09d8e327', '1065e0ebef073787a7bf691924c60eeb', '4a5c3967bfd3629fe07ef4d0cc8c3818']",4.438526409232135e-05,construction_tools_construction,1.0
251,17179869222,"['99444c1e11fc38755dae86f5c67d3d1a', '6a0713a63e990052795623e76cc2995e']",['399f54c06661d06ca45c6e24ed238e0e'],1.0,12516.666666666666,3,8,"['399f54c06661d06ca45c6e24ed238e0e', '99444c1e11fc38755dae86f5c67d3d1a', '6a0713a63e990052795623e76cc2995e']",7.101642254771416e-05,bed_bath_table,1.0
252,25769803899,['49650e49c3af7ccc896f634d039cd921'],['9474f3c0da0c4fd0bdf88cf6ac1b5d04'],0.625,8800.78125,2,5,"['9474f3c0da0c4fd0bdf88cf6ac1b5d04', '49650e49c3af7ccc896f634d039cd921']",4.438526409232135e-05,furniture_decor,1.0
253,8589934604,"['0bcc3eeca39e1064258aa1e932269894', '389d119b48cf3043d311335e499d9c6b', '422879e10f46682990de24d770e7f83d']",['53759a2ecddad2bb87a079a1f1519f73'],0.8333333333333334,233.51990049751245,4,5,"['0bcc3eeca39e1064258aa1e932269894', '53759a2ecddad2bb87a079a1f1519f73', '389d119b48cf3043d311335e499d9c6b', '422879e10f46682990de24d770e7f83d']",4.438526409232135e-05,garden_tools,1.0
254,25769803894,['27761f21b03a32be1aad6ebaebddd747'],['368645a47a15770520ad12d9ea77c2f2'],1.0,18775.0,2,5,"['27761f21b03a32be1aad6ebaebddd747', '368645a47a15770520ad12d9ea77c2f2']",4.438526409232135e-05,furniture_decor,1.0
255,8589934614,"['17d8b8e9c21ec0fc5b33724e32fe422e', '99444c1e11fc38755dae86f5c67d3d1a', '6a0713a63e990052795623e76cc2995e']",['399f54c06661d06ca45c6e24ed238e0e'],1.0,12516.666666666666,4,8,"['399f54c06661d06ca45c6e24ed238e0e', '17d8b8e9c21ec0fc5b33724e32fe422e', '99444c1e11fc38755dae86f5c67d3d1a', '6a0713a63e990052795623e76cc2995e']",7.101642254771416e-05,bed_bath_table,1.0
256,25769803929,['93d8b11d613a563f5a26212282bb145e'],['38e19855caf485b504d6f33ed31a9eb4'],1.0,18775.0,2,5,"['93d8b11d613a563f5a26212282bb145e', '38e19855caf485b504d6f33ed31a9eb4']",4.438526409232135e-05,furniture_decor,1.0
257,17179869236,"['b3a397db9c6b4ddfed9d46f6fa03c65e', '2196812e80b905c7071389c10ad035d3']",['fd471a043ee8b8dd27f4086495e0724c'],1.0,16092.857142857145,3,5,"['b3a397db9c6b4ddfed9d46f6fa03c65e', 'fd471a043ee8b8dd27f4086495e0724c', '2196812e80b905c7071389c10ad035d3']",4.438526409232135e-05,furniture_decor,1.0
258,17179869261,"['d25bbb182b51d1594fe3b54a27ae143e', '99444c1e11fc38755dae86f5c67d3d1a']",['399f54c06661d06ca45c6e24ed238e0e'],1.0,12516.666666666666,3,5,"['d25bbb182b51d1594fe3b54a27ae143e', '399f54c06661d06ca45c6e24ed238e0e', '99444c1e11fc38755dae86f5c67d3d1a']",4.438526409232135e-05,bed_bath_table,1.0
259,25769803820,['7eaf66aca1ed54df09b3c864b7416110'],['fc5dd987f12a7b823a76a44aa1ba88f6'],0.6,6758.999999999999,2,6,"['fc5dd987f12a7b823a76a44aa1ba88f6', '7eaf66aca1ed54df09b3c864b7416110']",5.326231691078562e-05,costruction_tools_garden,1.0
260,25769803904,['872db866d615db59612ac933f43d6b22'],['58efb9b638561ce132216a9a612513e2'],0.75,2913.362068965517,2,9,"['872db866d615db59612ac933f43d6b22', '58efb9b638561ce132216a9a612513e2']",7.989347536617843e-05,furniture_living_room,1.0
261,8589934631,"['0de59eddc63167215c972b0d785ffa7b', '0cf2faf9749f53924cea652a09d8e327', '1065e0ebef073787a7bf691924c60eeb']",['5dae498eff2d80057f56122235a36aff'],0.75,10560.9375,4,6,"['5dae498eff2d80057f56122235a36aff', '0de59eddc63167215c972b0d785ffa7b', '0cf2faf9749f53924cea652a09d8e327', '1065e0ebef073787a7bf691924c60eeb']",5.326231691078562e-05,construction_tools_construction,1.0
262,25769803906,['972d4aba7eb9ba03a5b7950751f11f60'],['e6e3140cdd035e915d6d4a9eae2ccead'],0.8333333333333334,18775.0,2,5,"['e6e3140cdd035e915d6d4a9eae2ccead', '972d4aba7eb9ba03a5b7950751f11f60']",4.438526409232135e-05,auto,1.0
263,17179869193,"['0bcc3eeca39e1064258aa1e932269894', '53759a2ecddad2bb87a079a1f1519f73']",['389d119b48cf3043d311335e499d9c6b'],0.7142857142857143,193.42376373626374,3,5,"['0bcc3eeca39e1064258aa1e932269894', '53759a2ecddad2bb87a079a1f1519f73', '389d119b48cf3043d311335e499d9c6b']",4.438526409232135e-05,garden_tools,1.0
264,25769803923,['65bb78cf0bbc3ca6406f30e6793736f9'],['7721582bb750762d81850267d19881c1'],1.0,6258.333333333333,2,5,"['65bb78cf0bbc3ca6406f30e6793736f9', '7721582bb750762d81850267d19881c1']",4.438526409232135e-05,furniture_decor,0.5
265,8589934600,"['399f54c06661d06ca45c6e24ed238e0e', '17d8b8e9c21ec0fc5b33724e32fe422e', '99444c1e11fc38755dae86f5c67d3d1a']",['d25bbb182b51d1594fe3b54a27ae143e'],0.5555555555555556,12516.666666666666,4,5,"['d25bbb182b51d1594fe3b54a27ae143e', '399f54c06661d06ca45c6e24ed238e0e', '17d8b8e9c21ec0fc5b33724e32fe422e', '99444c1e11fc38755dae86f5c67d3d1a']",4.438526409232135e-05,bed_bath_table,1.0
266,17179869188,"['0de59eddc63167215c972b0d785ffa7b', '0cf2faf9749f53924cea652a09d8e327']",['5dae498eff2d80057f56122235a36aff'],0.75,10560.9375,3,6,"['5dae498eff2d80057f56122235a36aff', '0de59eddc63167215c972b0d785ffa7b', '0cf2faf9749f53924cea652a09d8e327']",5.326231691078562e-05,construction_tools_construction,1.0
267,25769803819,['ad4b5def91ac7c575dbdf65b5be311f4'],['e6b314a2236c162ede1a879f1075430f'],0.5517241379310345,2486.0689655172414,2,16,"['e6b314a2236c162ede1a879f1075430f', 'ad4b5def91ac7c575dbdf65b5be311f4']",0.00014203284509542831,computers_accessories,1.0
268,17179869215,"['d25bbb182b51d1594fe3b54a27ae143e', '17d8b8e9c21ec0fc5b33724e32fe422e']",['399f54c06661d06ca45c6e24ed238e0e'],1.0,12516.666666666666,3,5,"['d25bbb182b51d1594fe3b54a27ae143e', '399f54c06661d06ca45c6e24ed238e0e', '17d8b8e9c21ec0fc5b33724e32fe422e']",4.438526409232135e-05,bed_bath_table,1.0
269,25769803867,['416753943bbda356a28be0f3ba476632'],['0ad6795586afdad1281b3884f2611ca6'],1.0,18775.0,2,5,"['416753943bbda356a28be0f3ba476632', '0ad6795586afdad1281b3884f2611ca6']",4.438526409232135e-05,construction_tools_construction,1.0
270,25769803850,['8bb27b1d96be90b36b8d0c7f30931d52'],['a03e401d58a45187271718c5d7610422'],0.625,4400.390625,2,5,"['8bb27b1d96be90b36b8d0c7f30931d52', 'a03e401d58a45187271718c5d7610422']",4.438526409232135e-05,housewares,1.0
271,25769803783,['d25bbb182b51d1594fe3b54a27ae143e'],['6a0713a63e990052795623e76cc2995e'],1.0,4897.826086956522,2,5,"['d25bbb182b51d1594fe3b54a27ae143e', '6a0713a63e990052795623e76cc2995e']",4.438526409232135e-05,bed_bath_table,1.0
272,25769803907,['17d8b8e9c21ec0fc5b33724e32fe422e'],['399f54c06661d06ca45c6e24ed238e0e'],0.6428571428571429,8046.428571428572,2,9,"['399f54c06661d06ca45c6e24ed238e0e', '17d8b8e9c21ec0fc5b33724e32fe422e']",7.989347536617843e-05,bed_bath_table,1.0
273,8589934617,"['0bcc3eeca39e1064258aa1e932269894', '53759a2ecddad2bb87a079a1f1519f73', '389d119b48cf3043d311335e499d9c6b']",['422879e10f46682990de24d770e7f83d'],1.0,217.47104247104247,4,5,"['0bcc3eeca39e1064258aa1e932269894', '53759a2ecddad2bb87a079a1f1519f73', '389d119b48cf3043d311335e499d9c6b', '422879e10f46682990de24d770e7f83d']",4.438526409232135e-05,garden_tools,1.0
274,25769803927,['507914b4af243e0589c389ac50545ef6'],['5b1f3328a2c6f837ecce21bca1489939'],0.7142857142857143,13410.714285714286,2,5,"['5b1f3328a2c6f837ecce21bca1489939', '507914b4af243e0589c389ac50545ef6']",4.438526409232135e-05,construction_tools_construction,1.0
275,17179869250,"['5dae498eff2d80057f56122235a36aff', '1065e0ebef073787a7bf691924c60eeb']",['0cf2faf9749f53924cea652a09d8e327'],1.0,9387.5,3,6,"['5dae498eff2d80057f56122235a36aff', '0cf2faf9749f53924cea652a09d8e327', '1065e0ebef073787a7bf691924c60eeb']",5.326231691078562e-05,construction_tools_construction,1.0
276,17179869273,"['b3a397db9c6b4ddfed9d46f6fa03c65e', 'fd471a043ee8b8dd27f4086495e0724c']",['2196812e80b905c7071389c10ad035d3'],1.0,14081.25,3,5,"['b3a397db9c6b4ddfed9d46f6fa03c65e', 'fd471a043ee8b8dd27f4086495e0724c', '2196812e80b905c7071389c10ad035d3']",4.438526409232135e-05,furniture_decor,1.0
277,25769803836,['75bc68276acddf2f0940f421a54338ee'],['4650fae75d852ddfada4751f6f02481a'],1.0,16092.857142857145,2,5,"['75bc68276acddf2f0940f421a54338ee', '4650fae75d852ddfada4751f6f02481a']",4.438526409232135e-05,perfumery,1.0
278,25769803795,['0de59eddc63167215c972b0d785ffa7b'],['1065e0ebef073787a7bf691924c60eeb'],1.0,9387.5,2,8,"['0de59eddc63167215c972b0d785ffa7b', '1065e0ebef073787a7bf691924c60eeb']",7.101642254771416e-05,construction_tools_construction,1.0
279,17179869207,"['0cf2faf9749f53924cea652a09d8e327', '4a5c3967bfd3629fe07ef4d0cc8c3818']",['1065e0ebef073787a7bf691924c60eeb'],1.0,9387.5,3,5,"['0cf2faf9749f53924cea652a09d8e327', '1065e0ebef073787a7bf691924c60eeb', '4a5c3967bfd3629fe07ef4d0cc8c3818']",4.438526409232135e-05,construction_tools_construction,1.0
280,17179869254,"['17d8b8e9c21ec0fc5b33724e32fe422e', '99444c1e11fc38755dae86f5c67d3d1a']",['6a0713a63e990052795623e76cc2995e'],0.8,3918.260869565218,3,8,"['17d8b8e9c21ec0fc5b33724e32fe422e', '99444c1e11fc38755dae86f5c67d3d1a', '6a0713a63e990052795623e76cc2995e']",7.101642254771416e-05,bed_bath_table,1.0
281,17179869268,"['1065e0ebef073787a7bf691924c60eeb', '4a5c3967bfd3629fe07ef4d0cc8c3818']",['0de59eddc63167215c972b0d785ffa7b'],1.0,14081.25,3,5,"['0de59eddc63167215c972b0d785ffa7b', '1065e0ebef073787a7bf691924c60eeb', '4a5c3967bfd3629fe07ef4d0cc8c3818']",4.438526409232135e-05,construction_tools_construction,1.0
282,17179869249,"['5dae498eff2d80057f56122235a36aff', '1065e0ebef073787a7bf691924c60eeb']",['0de59eddc63167215c972b0d785ffa7b'],1.0,14081.25,3,6,"['5dae498eff2d80057f56122235a36aff', '0de59eddc63167215c972b0d785ffa7b', '1065e0ebef073787a7bf691924c60eeb']",5.326231691078562e-05,construction_tools_construction,1.0
283,8589934630,"['0de59eddc63167215c972b0d785ffa7b', '0cf2faf9749f53924cea652a09d8e327', '1065e0ebef073787a7bf691924c60eeb']",['4a5c3967bfd3629fe07ef4d0cc8c3818'],0.625,5415.865384615385,4,5,"['0de59eddc63167215c972b0d785ffa7b', '0cf2faf9749f53924cea652a09d8e327', '1065e0ebef073787a7bf691924c60eeb', '4a5c3967bfd3629fe07ef4d0cc8c3818']",4.438526409232135e-05,construction_tools_construction,1.0
284,25769803849,['b5661cf46c147805adc83695fb04f487'],['1c27515baa5bece76d41e2353efcdd8e'],0.8333333333333334,11734.375,2,5,"['b5661cf46c147805adc83695fb04f487', '1c27515baa5bece76d41e2353efcdd8e']",4.438526409232135e-05,housewares,1.0
285,17179869200,"['5dae498eff2d80057f56122235a36aff', '0cf2faf9749f53924cea652a09d8e327']",['4a5c3967bfd3629fe07ef4d0cc8c3818'],0.8333333333333334,7221.153846153847,3,5,"['5dae498eff2d80057f56122235a36aff', '0cf2faf9749f53924cea652a09d8e327', '4a5c3967bfd3629fe07ef4d0cc8c3818']",4.438526409232135e-05,construction_tools_construction,1.0
286,25769803778,['073a5dfc26cb33ef440b2e0aa29343a8'],['200eed7d1d3482898094819dbec1cb52'],1.0,18775.0,2,5,"['073a5dfc26cb33ef440b2e0aa29343a8', '200eed7d1d3482898094819dbec1cb52']",4.438526409232135e-05,housewares,1.0
287,25769803840,['2196812e80b905c7071389c10ad035d3'],['fd471a043ee8b8dd27f4086495e0724c'],0.75,12069.642857142859,2,6,"['fd471a043ee8b8dd27f4086495e0724c', '2196812e80b905c7071389c10ad035d3']",5.326231691078562e-05,furniture_decor,1.0
288,17179869233,"['399f54c06661d06ca45c6e24ed238e0e', '6a0713a63e990052795623e76cc2995e']",['d25bbb182b51d1594fe3b54a27ae143e'],0.625,14081.25,3,5,"['d25bbb182b51d1594fe3b54a27ae143e', '399f54c06661d06ca45c6e24ed238e0e', '6a0713a63e990052795623e76cc2995e']",4.438526409232135e-05,bed_bath_table,1.0
289,17179869221,"['99444c1e11fc38755dae86f5c67d3d1a', '6a0713a63e990052795623e76cc2995e']",['d25bbb182b51d1594fe3b54a27ae143e'],0.625,14081.25,3,5,"['d25bbb182b51d1594fe3b54a27ae143e', '99444c1e11fc38755dae86f5c67d3d1a', '6a0713a63e990052795623e76cc2995e']",4.438526409232135e-05,bed_bath_table,1.0
290,8589934608,"['5dae498eff2d80057f56122235a36aff', '0de59eddc63167215c972b0d785ffa7b', '4a5c3967bfd3629fe07ef4d0cc8c3818']",['1065e0ebef073787a7bf691924c60eeb'],1.0,9387.5,4,5,"['5dae498eff2d80057f56122235a36aff', '0de59eddc63167215c972b0d785ffa7b', '1065e0ebef073787a7bf691924c60eeb', '4a5c3967bfd3629fe07ef4d0cc8c3818']",4.438526409232135e-05,construction_tools_construction,1.0
291,8589934620,"['0cf2faf9749f53924cea652a09d8e327', '1065e0ebef073787a7bf691924c60eeb', '4a5c3967bfd3629fe07ef4d0cc8c3818']",['0de59eddc63167215c972b0d785ffa7b'],1.0,14081.25,4,5,"['0de59eddc63167215c972b0d785ffa7b', '0cf2faf9749f53924cea652a09d8e327', '1065e0ebef073787a7bf691924c60eeb', '4a5c3967bfd3629fe07ef4d0cc8c3818']",4.438526409232135e-05,construction_tools_construction,1.0
292,25769803816,['6d1338fc8d6ac273115ea526c7a6146a'],['d2f2c2b94c6ac44ece0bd0dd202c7939'],0.8333333333333334,6705.357142857144,2,5,"['6d1338fc8d6ac273115ea526c7a6146a', 'd2f2c2b94c6ac44ece0bd0dd202c7939']",4.438526409232135e-05,bed_bath_table,0.5
293,8589934626,"['5dae498eff2d80057f56122235a36aff', '0de59eddc63167215c972b0d785ffa7b', '0cf2faf9749f53924cea652a09d8e327']",['1065e0ebef073787a7bf691924c60eeb'],1.0,9387.5,4,6,"['5dae498eff2d80057f56122235a36aff', '0de59eddc63167215c972b0d785ffa7b', '0cf2faf9749f53924cea652a09d8e327', '1065e0ebef073787a7bf691924c60eeb']",5.326231691078562e-05,construction_tools_construction,1.0
294,25769803801,['399f54c06661d06ca45c6e24ed238e0e'],['99444c1e11fc38755dae86f5c67d3d1a'],1.0,6626.470588235295,2,9,"['399f54c06661d06ca45c6e24ed238e0e', '99444c1e11fc38755dae86f5c67d3d1a']",7.989347536617843e-05,bed_bath_table,1.0
295,25769803886,['6e423c2d28bfb207e1fd1d6e1df84721'],['fbc1488c1a1e72ba175f53ab29a248e8'],0.7142857142857143,1277.2108843537414,2,5,"['6e423c2d28bfb207e1fd1d6e1df84721', 'fbc1488c1a1e72ba175f53ab29a248e8']",4.438526409232135e-05,perfumery,1.0
296,25769803911,['82758517d6c9cc65c509781f1e14e9f2'],['54d7ad85b648d3cb2b7069ed446d7f35'],0.7,3285.625,2,7,"['82758517d6c9cc65c509781f1e14e9f2', '54d7ad85b648d3cb2b7069ed446d7f35']",6.213936972924988e-05,computers_accessories,1.0
297,17179869225,"['0de59eddc63167215c972b0d785ffa7b', '4a5c3967bfd3629fe07ef4d0cc8c3818']",['1065e0ebef073787a7bf691924c60eeb'],1.0,9387.5,3,5,"['0de59eddc63167215c972b0d785ffa7b', '1065e0ebef073787a7bf691924c60eeb', '4a5c3967bfd3629fe07ef4d0cc8c3818']",4.438526409232135e-05,construction_tools_construction,1.0
298,17179869253,"['17d8b8e9c21ec0fc5b33724e32fe422e', '99444c1e11fc38755dae86f5c67d3d1a']",['399f54c06661d06ca45c6e24ed238e0e'],0.9,11265.0,3,9,"['399f54c06661d06ca45c6e24ed238e0e', '17d8b8e9c21ec0fc5b33724e32fe422e', '99444c1e11fc38755dae86f5c67d3d1a']",7.989347536617843e-05,bed_bath_table,1.0
